number,value,datetime_start,datetime_complete,duration,params_facebook_spend_alpha,params_facebook_spend_quantile,params_facebook_spend_theta,params_ooh_spend_alpha,params_ooh_spend_quantile,params_ooh_spend_theta,params_print_spend_alpha,params_print_spend_quantile,params_print_spend_theta,params_ridge_alpha,params_search_spend_alpha,params_search_spend_quantile,params_search_spend_theta,params_tv_spend_alpha,params_tv_spend_quantile,params_tv_spend_theta,user_attrs_mean_r2,user_attrs_mean_wmape_pct,user_attrs_std_nrmse,system_attrs_tpe:relative_params:0,state
0,0.17280364062521059,2026-10-08 20:26:16.889442,2026-10-08 20:26:17.006170,0 days 00:00:00.116728,1.9548647782429915,0.7327098485602952,0.018526044866222204,0.7339917805043039,0.19065852851773962,0.14041677639819286,1.4016725176148133,0.6456508044572318,0.7795585311974417,0.0745934328572655,0.7727374508106509,0.27838315689740367,0.19110519961044856,1.5979909127171077,0.5690609389379256,0.8556428757689246,0.5428346074227947,11.233224825748088,0.0659084397539404,,COMPLETE
1,0.17087376565013299,2026-10-08 20:26:17.007171,2026-10-08 20:26:17.035196,0 days 00:00:00.028025,1.2713516576204174,0.5646901982034297,0.17970640394252377,0.7092407909780627,0.3545012539746527,0.5506676052501416,1.1841049763255538,0.6996231729751095,0.32972565896432254,0.033205591037519584,1.4113172778521577,0.2693668865811041,0.04180537144799795,1.1479175279631737,0.35386039813862935,0.47228078846901406,0.5564000679471914,10.69378720712306,0.06398631758802642,,COMPLETE
2,0.1719367960644981,2026-10-08 20:26:17.035196,2026-10-08 20:26:17.065224,0 days 00:00:00.030028,1.8639806031181732,0.33114598712001186,0.030949669003696556,0.6465081710095758,0.6289631185585098,0.2741523922560336,0.6830573522671682,0.49662383707788915,0.3961372443656412,0.0021147447960615704,0.9675666141341164,0.5140476148244676,0.5962700559185838,1.948448049611839,0.7158781436815228,0.8539969835279999,0.554856088524818,10.501452280317677,0.06203585697962315,,COMPLETE
3,0.16414118711541092,2026-10-08 20:26:17.065224,2026-10-08 20:26:17.094250,0 days 00:00:00.029026,0.9879954961448965,0.42207410278263735,0.04070456001948426,1.8422410256414732,0.5685299851677595,0.8455490474077703,0.6327387530778792,0.2871880036934016,0.8296868115208051,0.5414413211338525,1.743106263727894,0.3997273286855125,0.24421412859650632,1.9543769416468377,0.6925929763527802,0.16636900997297435,0.5762202597092633,9.948219078510427,0.0696937715743602,,COMPLETE
4,0.1653290634714781,2026-10-08 20:26:17.095251,2026-10-08 20:26:17.131283,0 days 00:00:00.036032,1.5935107520614809,0.689889242680162,0.6361716094628554,1.980330404900776,0.6905713385076602,0.06709557931179375,0.5082831756854036,0.7208229999183839,0.17884411338075518,0.02539057572102413,1.0376985928164089,0.23110834166759078,0.06664018656068132,0.711386337462144,0.7115378865278278,0.48842647484242363,0.5864985555298268,10.631809130578162,0.05850824764513042,,COMPLETE
5,0.1741601661163892,2026-10-08 20:26:17.131283,2026-10-08 20:26:17.160310,0 days 00:00:00.029027,1.5698671808344926,0.6825495340318282,0.10763482134447154,0.9877749830401206,0.6607243248366449,0.279884089544096,1.8308191138644898,0.4805504476133645,0.5738017242196918,20.67840939783948,1.6564507699318414,0.49565691745507345,0.5051494778125466,0.9963470372789738,0.19449084520021653,0.5609683141448022,0.5307917472262412,12.597354422589902,0.06467892147312164,,COMPLETE
6,0.17050414749029197,2026-10-08 20:26:17.160310,2026-10-08 20:26:17.190336,0 days 00:00:00.030026,1.633326707814573,0.3101587158441357,0.36934463073206675,1.4546156168956705,0.3700491867534287,0.028286267118060825,1.8613497108891395,0.32450456040421244,0.4577136220482325,0.4108318894699929,0.934627179370652,0.26285490107780307,0.0692819188459137,0.5381286901161428,0.2255239988953131,0.3847869165226947,0.569382324589459,10.873738016567522,0.05396979413573604,,COMPLETE
7,0.17230439860448832,2026-10-08 20:26:17.191337,2026-10-08 20:26:17.216361,0 days 00:00:00.025024,0.6650778867915151,0.30955461377935917,0.2862031274746775,0.7798550883290538,0.7747912989429844,0.723304869209203,1.7111602327460937,0.7772639099464452,0.48540801772408565,44.51314315649209,1.7270221488837396,0.7525114082794404,0.38439700976363067,1.4501056347656351,0.7600224131314024,0.7273083416079753,0.5447004837763076,13.142514346579345,0.06203894151806866,,COMPLETE
8,0.16933522578498883,2026-10-08 20:26:17.217361,2026-10-08 20:26:17.249081,0 days 00:00:00.031720,1.957673124081441,0.8237131064594778,0.3272666421413646,1.006422757105442,0.8100367927387634,0.10787883060031453,1.278185932615049,0.6421132712266244,0.2908826388186797,0.0010833297073737749,1.245872758838578,0.36061481687173874,0.22660406624282775,1.1261165047231685,0.30547546732951114,0.4596725723198092,0.561547810326116,11.08256535813482,0.06455186149552836,,COMPLETE
9,0.1701274983539529,2026-10-08 20:26:17.250027,2026-10-08 20:26:17.291683,0 days 00:00:00.041656,0.8630829072672506,0.6204948831841149,0.8870854086995407,0.9179696963549171,0.7857861201766576,0.04633087612499042,0.7173423081368346,0.49261693219429403,0.21560570160027517,0.026558434508499887,0.8564563159885995,0.6597514440283017,0.6854576537958459,1.4143465009698453,0.501875316260203,0.033198252619079514,0.5575573887180326,10.828276356338877,0.0636362161320345,,COMPLETE
10,0.16986482235185488,2026-10-08 20:26:17.292683,2026-10-08 20:26:17.330718,0 days 00:00:00.038035,0.5248817433917843,0.5084651408094967,0.6098079256580542,1.752953743383857,0.3745460454802151,0.08126079304896748,0.5611627123321459,0.5636250602317693,0.1678666593598688,0.0690105777981331,1.4677591856141747,0.272056500303494,0.20384619767814416,1.450294566141342,0.5250422788523309,0.5690752475342216,0.5701228555719956,11.086012920547716,0.055350096607518044,,COMPLETE
11,0.17252874928144527,2026-10-08 20:26:17.331719,2026-10-08 20:26:17.366751,0 days 00:00:00.035032,1.3328012173991934,0.5207554048492045,0.7354999801810943,0.6702102818608836,0.7972855327949939,0.3069597159452327,0.8869124415727334,0.6119888322239253,0.789605418042883,2.8489753426125652,0.6396541517088488,0.7780510305673287,0.21766706181040651,1.9050949831051018,0.24626466090219526,0.34806181167048367,0.5580509463401953,11.189753420390737,0.05475579837448769,,COMPLETE
12,0.17716048941902707,2026-10-08 20:26:17.366751,2026-10-08 20:26:17.395777,0 days 00:00:00.029026,1.847831282790619,0.5745003417617129,0.1454658426851524,1.8456653899288655,0.7709604969855821,0.6533601109832154,1.4630474692314317,0.20889797549653416,0.7018879912718615,31.77534582118829,0.6522073142990481,0.614451238375639,0.008277346454966684,1.008544686573051,0.3944467022288626,0.5697913115459412,0.527535005820117,13.1537544487346,0.05731805440172818,,COMPLETE
13,0.16498084995026105,2026-10-08 20:26:17.396778,2026-10-08 20:26:17.427806,0 days 00:00:00.031028,1.7738351157412668,0.6103290246102403,0.5846696091424932,0.8364039641908396,0.6485254549432751,0.5867651335523405,0.9880995472389016,0.6725439835826169,0.21352417874712007,0.0010600050132100265,0.6405121517421387,0.40740106214160343,0.5114777430019245,1.3231006840498791,0.6343266383848852,0.1447272462757488,0.5697790312848267,10.428343593650283,0.07107247156705046,,COMPLETE
14,0.17539701287755236,2026-10-08 20:26:17.427806,2026-10-08 20:26:17.453830,0 days 00:00:00.026024,1.583678172892258,0.34654065370859904,0.17571868901824006,1.4467079389958943,0.7063679124791539,0.802841899659402,1.3653558269395387,0.49476238567320474,0.4523733837946729,0.021184188803214595,1.4682084438607517,0.27397747558493424,0.021884369788308457,1.9595158321286683,0.4251684072667322,0.2195906790411752,0.5353017171870821,10.6555825985105,0.06507827657212151,,COMPLETE
15,0.18322660768552124,2026-10-08 20:26:17.454831,2026-10-08 20:26:17.495869,0 days 00:00:00.041038,1.0776465929028878,0.7457956700617998,0.26500400286262715,1.8924778438815881,0.44972890382212005,0.013910954875980685,1.9454299656338794,0.747106618827152,0.8699893371393026,50.38403230651898,0.7542391200291387,0.5397608837208451,0.2852298046406499,1.8722965853306728,0.4091110901788111,0.8585357193023286,0.4910270519531254,14.371265456694369,0.062322781477455735,,COMPLETE
16,0.18223592798838364,2026-10-08 20:26:17.496869,2026-10-08 20:26:17.526896,0 days 00:00:00.030027,1.5537261259806638,0.40164380585382864,0.6273141668957412,1.985080775156395,0.24805881066556681,0.5535065040292528,1.816059607891933,0.6685380324279431,0.4664966871273631,47.94837252202713,1.7140417332177704,0.7170793762754265,0.26423265983804406,1.3550917551340476,0.21802354563953796,0.6264268170074757,0.504022092961465,13.773630827021904,0.05681857634077797,,COMPLETE
17,0.17357201179117335,2026-10-08 20:26:17.527897,2026-10-08 20:26:17.551918,0 days 00:00:00.024021,0.6409729097613035,0.5547960986973217,0.3380246573759496,1.4749458961666477,0.6413768140803923,0.7184656610700977,1.8350080127263495,0.386596609796075,0.716213402492491,21.64519949586212,1.1983970271986903,0.5298512442953036,0.03234804641706788,1.2670135982914066,0.5010614062810397,0.8219164973008242,0.5453242683778514,12.179807602061823,0.05851014696648625,,COMPLETE
18,0.17265419569401008,2026-10-08 20:26:17.552920,2026-10-08 20:26:17.581946,0 days 00:00:00.029026,0.628021197490652,0.18617720481802538,0.5606014282371002,1.0402859621168943,0.23894235885631934,0.7403405045936925,1.6549903296479163,0.30107471924779017,0.47001893404932393,0.02708359186801681,1.3109526824151598,0.5962009310487445,0.4782191684113332,0.5457503749085741,0.1761437321244501,0.5317499345121097,0.5518599982004768,9.849336194078857,0.060710954931223075,,COMPLETE
19,0.17126545229568998,2026-10-08 20:26:17.582947,2026-10-08 20:26:17.614976,0 days 00:00:00.032029,1.5439613091405469,0.4362670610899889,0.7523821084609853,0.9062483768931113,0.4572799944939453,0.7156675752918333,0.5380261151231862,0.8238538902745475,0.07061074320803937,4.270283109049074,0.734655564006629,0.3251700287152167,0.15596488806376121,1.274450522451793,0.37606953105887214,0.8782668715162811,0.5586196892606913,10.856539030174552,0.0585259047853474,,COMPLETE
20,0.16044369382509313,2026-10-08 20:26:17.615977,2026-10-08 20:26:17.649007,0 days 00:00:00.033030,0.6405744053109583,0.3352302072538701,0.21245741263985102,0.6963806272639153,0.4891130216649121,0.8093666484267267,0.5705072755529824,0.15535362055886023,0.6367498201834463,0.05786405538056331,1.5494258148269904,0.42821743818152486,0.4505656915526455,1.685239519978056,0.7179048046496642,0.20033020269453777,0.5935682753829803,9.646748711696075,0.06817249675393389,"{""facebook_spend_alpha"": 0.6405744053109583, ""facebook_spend_quantile"": 0.3352302072538701, ""facebook_spend_theta"": 0.21245741263985102, ""ooh_spend_alpha"": 0.6963806272639153, ""ooh_spend_quantile"": 0.4891130216649121, ""ooh_spend_theta"": 0.8093666484267267, ""print_spend_alpha"": 0.5705072755529824, ""print_spend_quantile"": 0.15535362055886023, ""print_spend_theta"": 0.6367498201834463, ""ridge_alpha"": 0.05786405538056331, ""search_spend_alpha"": 1.5494258148269904, ""search_spend_quantile"": 0.42821743818152486, ""search_spend_theta"": 0.4505656915526455, ""tv_spend_alpha"": 1.685239519978056, ""tv_spend_quantile"": 0.7179048046496642, ""tv_spend_theta"": 0.20033020269453777}",COMPLETE
21,0.16331888761159197,2026-10-08 20:26:17.649007,2026-10-08 20:26:17.678033,0 days 00:00:00.029026,0.9416667139144875,0.43846171008864154,0.0332938366231568,0.864606128364199,0.5911485309689581,0.807667154666318,0.72711193615113,0.18759245061204055,0.6812730184839211,0.06168870241943094,1.9560122601529581,0.374923146858834,0.23686469346971822,1.2103698666184788,0.7754987590145535,0.31442849882640955,0.5868715783123609,10.181883719342794,0.0647612355450008,"{""facebook_spend_alpha"": 0.9416667139144875, ""facebook_spend_quantile"": 0.43846171008864154, ""facebook_spend_theta"": 0.0332938366231568, ""ooh_spend_alpha"": 0.864606128364199, ""ooh_spend_quantile"": 0.5911485309689581, ""ooh_spend_theta"": 0.807667154666318, ""print_spend_alpha"": 0.72711193615113, ""print_spend_quantile"": 0.18759245061204055, ""print_spend_theta"": 0.6812730184839211, ""ridge_alpha"": 0.06168870241943094, ""search_spend_alpha"": 1.9560122601529581, ""search_spend_quantile"": 0.374923146858834, ""search_spend_theta"": 0.23686469346971822, ""tv_spend_alpha"": 1.2103698666184788, ""tv_spend_quantile"": 0.7754987590145535, ""tv_spend_theta"": 0.31442849882640955}",COMPLETE
22,0.17055375827976635,2026-10-08 20:26:17.678033,2026-10-08 20:26:17.707059,0 days 00:00:00.029026,0.9700337848741292,0.49238641047787357,0.07643605880432998,1.717503548192448,0.47352801971315106,0.7593689002125392,0.6784373402503941,0.18883888686316572,0.6718027780169852,0.04416867073121726,1.9962556342526927,0.28730552595268233,0.4355078777037945,1.606249922543443,0.5709876681853017,0.22146640974719944,0.5525800038115015,10.745197472811197,0.06734046098217596,"{""facebook_spend_alpha"": 0.9700337848741292, ""facebook_spend_quantile"": 0.49238641047787357, ""facebook_spend_theta"": 0.07643605880432998, ""ooh_spend_alpha"": 1.717503548192448, ""ooh_spend_quantile"": 0.47352801971315106, ""ooh_spend_theta"": 0.7593689002125392, ""print_spend_alpha"": 0.6784373402503941, ""print_spend_quantile"": 0.18883888686316572, ""print_spend_theta"": 0.6718027780169852, ""ridge_alpha"": 0.04416867073121726, ""search_spend_alpha"": 1.9962556342526927, ""search_spend_quantile"": 0.28730552595268233, ""search_spend_theta"": 0.4355078777037945, ""tv_spend_alpha"": 1.606249922543443, ""tv_spend_quantile"": 0.5709876681853017, ""tv_spend_theta"": 0.22146640974719944}",COMPLETE
23,0.16437984233186995,2026-10-08 20:26:17.707059,2026-10-08 20:26:17.740090,0 days 00:00:00.033031,0.8191475763662456,0.509649332916678,0.21686698641507793,1.1031586468053427,0.43214526731848873,0.7213838514197618,0.5421621284457161,0.31632098086290183,0.7167950706997789,0.032323592442397076,1.900825465257194,0.30624140230825103,0.2216885767605126,1.1060859296273733,0.7270842531293232,0.30191252289985554,0.5828312407431894,10.156842583975418,0.0651026879969461,"{""facebook_spend_alpha"": 0.8191475763662456, ""facebook_spend_quantile"": 0.509649332916678, ""facebook_spend_theta"": 0.21686698641507793, ""ooh_spend_alpha"": 1.1031586468053427, ""ooh_spend_quantile"": 0.43214526731848873, ""ooh_spend_theta"": 0.7213838514197618, ""print_spend_alpha"": 0.5421621284457161, ""print_spend_quantile"": 0.31632098086290183, ""print_spend_theta"": 0.7167950706997789, ""ridge_alpha"": 0.032323592442397076, ""search_spend_alpha"": 1.900825465257194, ""search_spend_quantile"": 0.30624140230825103, ""search_spend_theta"": 0.2216885767605126, ""tv_spend_alpha"": 1.1060859296273733, ""tv_spend_quantile"": 0.7270842531293232, ""tv_spend_theta"": 0.30191252289985554}",COMPLETE
24,0.16338706005517564,2026-10-08 20:26:17.740090,2026-10-08 20:26:17.774121,0 days 00:00:00.034031,0.9697332758743595,0.5535549151485244,0.05782680604590902,1.5534981853664749,0.6785521691332992,0.8547517554388715,0.6538335854601712,0.5583391149446193,0.8441262758676527,0.6717955932611858,1.8428536817211472,0.35668698322861325,0.10386537585296518,1.9288641682425804,0.7177428847987934,0.27316296502680437,0.5798889669284338,10.628703217192752,0.06810288531983409,"{""facebook_spend_alpha"": 0.9697332758743595, ""facebook_spend_quantile"": 0.5535549151485244, ""facebook_spend_theta"": 0.05782680604590902, ""ooh_spend_alpha"": 1.5534981853664749, ""ooh_spend_quantile"": 0.6785521691332992, ""ooh_spend_theta"": 0.8547517554388715, ""print_spend_alpha"": 0.6538335854601712, ""print_spend_quantile"": 0.5583391149446193, ""print_spend_theta"": 0.8441262758676527, ""ridge_alpha"": 0.6717955932611858, ""search_spend_alpha"": 1.8428536817211472, ""search_spend_quantile"": 0.35668698322861325, ""search_spend_theta"": 0.10386537585296518, ""tv_spend_alpha"": 1.9288641682425804, ""tv_spend_quantile"": 0.7177428847987934, ""tv_spend_theta"": 0.27316296502680437}",COMPLETE
25,0.16439395676555105,2026-10-08 20:26:17.775121,2026-10-08 20:26:17.802146,0 days 00:00:00.027025,1.0575550065803556,0.39622205192786214,0.24146885490035144,1.0305754515913566,0.4270194427449344,0.7582530556004835,0.62648510344157,0.15627025597403568,0.6758823731788642,0.010345372546131949,1.66955997615825,0.3866871088631374,0.40996859307120614,1.6100660454015265,0.6735196104656678,0.14673070830167553,0.5751908988662667,9.991170866200667,0.07007592128964538,"{""facebook_spend_alpha"": 1.0575550065803556, ""facebook_spend_quantile"": 0.39622205192786214, ""facebook_spend_theta"": 0.24146885490035144, ""ooh_spend_alpha"": 1.0305754515913566, ""ooh_spend_quantile"": 0.4270194427449344, ""ooh_spend_theta"": 0.7582530556004835, ""print_spend_alpha"": 0.62648510344157, ""print_spend_quantile"": 0.15627025597403568, ""print_spend_theta"": 0.6758823731788642, ""ridge_alpha"": 0.010345372546131949, ""search_spend_alpha"": 1.66955997615825, ""search_spend_quantile"": 0.3866871088631374, ""search_spend_theta"": 0.40996859307120614, ""tv_spend_alpha"": 1.6100660454015265, ""tv_spend_quantile"": 0.6735196104656678, ""tv_spend_theta"": 0.14673070830167553}",COMPLETE
26,0.16550655199754405,2026-10-08 20:26:17.803147,2026-10-08 20:26:17.834174,0 days 00:00:00.031027,1.0556408057348294,0.5330353519524558,0.23501745840016874,1.7318498656769818,0.686010495578272,0.8200894621473159,0.5025985722676813,0.7202881669842119,0.6698055819460125,3.5450905623951785,1.5596429873256774,0.28790303820930563,0.016384245666371505,1.906719168445165,0.6303465625697219,0.31508371517096634,0.5779322113056536,11.18061428671765,0.06237194433380642,"{""facebook_spend_alpha"": 1.0556408057348294, ""facebook_spend_quantile"": 0.5330353519524558, ""facebook_spend_theta"": 0.23501745840016874, ""ooh_spend_alpha"": 1.7318498656769818, ""ooh_spend_quantile"": 0.686010495578272, ""ooh_spend_theta"": 0.8200894621473159, ""print_spend_alpha"": 0.5025985722676813, ""print_spend_quantile"": 0.7202881669842119, ""print_spend_theta"": 0.6698055819460125, ""ridge_alpha"": 3.5450905623951785, ""search_spend_alpha"": 1.5596429873256774, ""search_spend_quantile"": 0.28790303820930563, ""search_spend_theta"": 0.016384245666371505, ""tv_spend_alpha"": 1.906719168445165, ""tv_spend_quantile"": 0.6303465625697219, ""tv_spend_theta"": 0.31508371517096634}",COMPLETE
27,0.16351626658422383,2026-10-08 20:26:17.834174,2026-10-08 20:26:17.870207,0 days 00:00:00.036033,0.5395858730605501,0.26100595149318045,0.307516916109993,0.9208948401373763,0.743989917196868,0.778925301881292,0.809925013817317,0.24269181311835894,0.7907869873651878,0.04471045840168842,1.495383074489876,0.49113036721262937,0.31868001228795084,1.540738368970803,0.7555228205189424,0.31432281262139483,0.5852980883011253,9.651321939536183,0.06514975781739421,"{""facebook_spend_alpha"": 0.5395858730605501, ""facebook_spend_quantile"": 0.26100595149318045, ""facebook_spend_theta"": 0.307516916109993, ""ooh_spend_alpha"": 0.9208948401373763, ""ooh_spend_quantile"": 0.743989917196868, ""ooh_spend_theta"": 0.778925301881292, ""print_spend_alpha"": 0.809925013817317, ""print_spend_quantile"": 0.24269181311835894, ""print_spend_theta"": 0.7907869873651878, ""ridge_alpha"": 0.04471045840168842, ""search_spend_alpha"": 1.495383074489876, ""search_spend_quantile"": 0.49113036721262937, ""search_spend_theta"": 0.31868001228795084, ""tv_spend_alpha"": 1.540738368970803, ""tv_spend_quantile"": 0.7555228205189424, ""tv_spend_theta"": 0.31432281262139483}",COMPLETE
28,0.15688414372600587,2026-10-08 20:26:17.870207,2026-10-08 20:26:17.904238,0 days 00:00:00.034031,0.6849179403905561,0.4093032378596063,0.2422152513575991,0.6172337622211669,0.3108279616270103,0.7772284183582012,0.5242466516440064,0.29762488645985685,0.8032332984749313,0.05447030897916644,1.2317411620492469,0.5822069797162082,0.4917471727366765,1.8449302660607567,0.8130161965269571,0.20610795010450414,0.6057401722733315,9.762344123049528,0.06987909794861544,"{""facebook_spend_alpha"": 0.6849179403905561, ""facebook_spend_quantile"": 0.4093032378596063, ""facebook_spend_theta"": 0.2422152513575991, ""ooh_spend_alpha"": 0.6172337622211669, ""ooh_spend_quantile"": 0.3108279616270103, ""ooh_spend_theta"": 0.7772284183582012, ""print_spend_alpha"": 0.5242466516440064, ""print_spend_quantile"": 0.29762488645985685, ""print_spend_theta"": 0.8032332984749313, ""ridge_alpha"": 0.05447030897916644, ""search_spend_alpha"": 1.2317411620492469, ""search_spend_quantile"": 0.5822069797162082, ""search_spend_theta"": 0.4917471727366765, ""tv_spend_alpha"": 1.8449302660607567, ""tv_spend_quantile"": 0.8130161965269571, ""tv_spend_theta"": 0.20610795010450414}",COMPLETE
29,0.16033611938179196,2026-10-08 20:26:17.905240,2026-10-08 20:26:17.935266,0 days 00:00:00.030026,0.6825540355736296,0.44149229462070655,0.1735520293827183,0.7332386460817358,0.33631224247901853,0.6431654520913546,0.929193514166136,0.23762727768789105,0.6626161587647008,0.008841754824317233,1.5793102077139796,0.5471991933923683,0.3088324610045161,1.4753976190585791,0.7834355089374558,0.2653036535224324,0.596855078970396,10.023242928836167,0.06632152292917018,"{""facebook_spend_alpha"": 0.6825540355736296, ""facebook_spend_quantile"": 0.44149229462070655, ""facebook_spend_theta"": 0.1735520293827183, ""ooh_spend_alpha"": 0.7332386460817358, ""ooh_spend_quantile"": 0.33631224247901853, ""ooh_spend_theta"": 0.6431654520913546, ""print_spend_alpha"": 0.929193514166136, ""print_spend_quantile"": 0.23762727768789105, ""print_spend_theta"": 0.6626161587647008, ""ridge_alpha"": 0.008841754824317233, ""search_spend_alpha"": 1.5793102077139796, ""search_spend_quantile"": 0.5471991933923683, ""search_spend_theta"": 0.3088324610045161, ""tv_spend_alpha"": 1.4753976190585791, ""tv_spend_quantile"": 0.7834355089374558, ""tv_spend_theta"": 0.2653036535224324}",COMPLETE
30,0.16122977488756002,2026-10-08 20:26:17.935266,2026-10-08 20:26:17.967295,0 days 00:00:00.032029,0.6985475145114614,0.4341063412505061,0.21286724776669674,0.7967125186213893,0.36007387621156195,0.6486966527046442,0.6654374090046734,0.17771328142559717,0.7778586782847512,0.0059394010836336985,1.3159889121121673,0.5794323919847579,0.4252884376318896,1.3968176669935763,0.758856310150803,0.22821077629878855,0.591079892511098,9.968281306090441,0.06785622204121856,"{""facebook_spend_alpha"": 0.6985475145114614, ""facebook_spend_quantile"": 0.4341063412505061, ""facebook_spend_theta"": 0.21286724776669674, ""ooh_spend_alpha"": 0.7967125186213893, ""ooh_spend_quantile"": 0.36007387621156195, ""ooh_spend_theta"": 0.6486966527046442, ""print_spend_alpha"": 0.6654374090046734, ""print_spend_quantile"": 0.17771328142559717, ""print_spend_theta"": 0.7778586782847512, ""ridge_alpha"": 0.0059394010836336985, ""search_spend_alpha"": 1.3159889121121673, ""search_spend_quantile"": 0.5794323919847579, ""search_spend_theta"": 0.4252884376318896, ""tv_spend_alpha"": 1.3968176669935763, ""tv_spend_quantile"": 0.758856310150803, ""tv_spend_theta"": 0.22821077629878855}",COMPLETE
31,0.16001476830516997,2026-10-08 20:26:17.967295,2026-10-08 20:26:18.011335,0 days 00:00:00.044040,0.6142053638666651,0.3439402960419673,0.14025246331830826,0.8764062857273691,0.28769101328586716,0.7345866465216515,0.7349225894028745,0.17444293403492722,0.7126708102460373,0.006898432562520204,1.290626876141251,0.5940746883887181,0.21443412488271954,1.5985698918916271,0.7562989121051718,0.1915083157863921,0.5951344233965266,9.727413322819496,0.0686506951376677,"{""facebook_spend_alpha"": 0.6142053638666651, ""facebook_spend_quantile"": 0.3439402960419673, ""facebook_spend_theta"": 0.14025246331830826, ""ooh_spend_alpha"": 0.8764062857273691, ""ooh_spend_quantile"": 0.28769101328586716, ""ooh_spend_theta"": 0.7345866465216515, ""print_spend_alpha"": 0.7349225894028745, ""print_spend_quantile"": 0.17444293403492722, ""print_spend_theta"": 0.7126708102460373, ""ridge_alpha"": 0.006898432562520204, ""search_spend_alpha"": 1.290626876141251, ""search_spend_quantile"": 0.5940746883887181, ""search_spend_theta"": 0.21443412488271954, ""tv_spend_alpha"": 1.5985698918916271, ""tv_spend_quantile"": 0.7562989121051718, ""tv_spend_theta"": 0.1915083157863921}",COMPLETE
32,0.16076626337862174,2026-10-08 20:26:18.012336,2026-10-08 20:26:18.054375,0 days 00:00:00.042039,0.8795311235786668,0.2844505809842176,0.31335344033177986,0.5972184472311621,0.34676653908754806,0.7736414322619025,0.8918795686748029,0.2072610044558741,0.650704792112167,0.14344163070101917,1.5600598565989807,0.4728167988812645,0.4820270405402608,1.5861357076154181,0.6916271107191606,0.19291475015350054,0.5925421514417217,9.737954852172612,0.06755399716350774,"{""facebook_spend_alpha"": 0.8795311235786668, ""facebook_spend_quantile"": 0.2844505809842176, ""facebook_spend_theta"": 0.31335344033177986, ""ooh_spend_alpha"": 0.5972184472311621, ""ooh_spend_quantile"": 0.34676653908754806, ""ooh_spend_theta"": 0.7736414322619025, ""print_spend_alpha"": 0.8918795686748029, ""print_spend_quantile"": 0.2072610044558741, ""print_spend_theta"": 0.650704792112167, ""ridge_alpha"": 0.14344163070101917, ""search_spend_alpha"": 1.5600598565989807, ""search_spend_quantile"": 0.4728167988812645, ""search_spend_theta"": 0.4820270405402608, ""tv_spend_alpha"": 1.5861357076154181, ""tv_spend_quantile"": 0.6916271107191606, ""tv_spend_theta"": 0.19291475015350054}",COMPLETE
33,0.15670562986703132,2026-10-08 20:26:18.055375,2026-10-08 20:26:18.089406,0 days 00:00:00.034031,0.6682998020429378,0.38377925851922595,0.15425212789950793,0.6097484724596485,0.25142658367617426,0.6452338687722964,0.6424081645190033,0.34882155172703183,0.7411391767193336,0.003071706549708934,0.856741392665598,0.5742273558267668,0.3613237154393643,1.6810604432267047,0.8191657853912923,0.09438638595470156,0.6041327780126952,9.688179641416054,0.07249054562068431,"{""facebook_spend_alpha"": 0.6682998020429378, ""facebook_spend_quantile"": 0.38377925851922595, ""facebook_spend_theta"": 0.15425212789950793, ""ooh_spend_alpha"": 0.6097484724596485, ""ooh_spend_quantile"": 0.25142658367617426, ""ooh_spend_theta"": 0.6452338687722964, ""print_spend_alpha"": 0.6424081645190033, ""print_spend_quantile"": 0.34882155172703183, ""print_spend_theta"": 0.7411391767193336, ""ridge_alpha"": 0.003071706549708934, ""search_spend_alpha"": 0.856741392665598, ""search_spend_quantile"": 0.5742273558267668, ""search_spend_theta"": 0.3613237154393643, ""tv_spend_alpha"": 1.6810604432267047, ""tv_spend_quantile"": 0.8191657853912923, ""tv_spend_theta"": 0.09438638595470156}",COMPLETE
34,0.16093947024511226,2026-10-08 20:26:18.089406,2026-10-08 20:26:18.119434,0 days 00:00:00.030028,0.8163395851540252,0.43193157159915463,0.14399646121772924,0.6553987647066584,0.3885815781019075,0.787322758657386,0.8004463885202755,0.2804011727790524,0.7720995607112996,0.024320745312148024,0.9396165008938668,0.5489644902457906,0.44112086791231137,1.3549344669287637,0.7229093982542315,0.19516119960537376,0.5910701776924022,10.020775454650396,0.06860270611271621,"{""facebook_spend_alpha"": 0.8163395851540252, ""facebook_spend_quantile"": 0.43193157159915463, ""facebook_spend_theta"": 0.14399646121772924, ""ooh_spend_alpha"": 0.6553987647066584, ""ooh_spend_quantile"": 0.3885815781019075, ""ooh_spend_theta"": 0.787322758657386, ""print_spend_alpha"": 0.8004463885202755, ""print_spend_quantile"": 0.2804011727790524, ""print_spend_theta"": 0.7720995607112996, ""ridge_alpha"": 0.024320745312148024, ""search_spend_alpha"": 0.9396165008938668, ""search_spend_quantile"": 0.5489644902457906, ""search_spend_theta"": 0.44112086791231137, ""tv_spend_alpha"": 1.3549344669287637, ""tv_spend_quantile"": 0.7229093982542315, ""tv_spend_theta"": 0.19516119960537376}",COMPLETE
35,0.16110006202509333,2026-10-08 20:26:18.119434,2026-10-08 20:26:18.151462,0 days 00:00:00.032028,0.5305871901170768,0.42907948311454636,0.3292210278931286,0.5484148327200353,0.387193986501096,0.5334648215133062,0.6205700203098405,0.3449153601274583,0.7285764862404298,0.05796643579221805,1.4745541734710157,0.5470060748877983,0.3990847204328258,1.9046296556013047,0.7397378907465715,0.3672131432562286,0.5968572347608679,10.032348646943982,0.06351480454295796,"{""facebook_spend_alpha"": 0.5305871901170768, ""facebook_spend_quantile"": 0.42907948311454636, ""facebook_spend_theta"": 0.3292210278931286, ""ooh_spend_alpha"": 0.5484148327200353, ""ooh_spend_quantile"": 0.387193986501096, ""ooh_spend_theta"": 0.5334648215133062, ""print_spend_alpha"": 0.6205700203098405, ""print_spend_quantile"": 0.3449153601274583, ""print_spend_theta"": 0.7285764862404298, ""ridge_alpha"": 0.05796643579221805, ""search_spend_alpha"": 1.4745541734710157, ""search_spend_quantile"": 0.5470060748877983, ""search_spend_theta"": 0.3990847204328258, ""tv_spend_alpha"": 1.9046296556013047, ""tv_spend_quantile"": 0.7397378907465715, ""tv_spend_theta"": 0.3672131432562286}",COMPLETE
36,0.15947987564682228,2026-10-08 20:26:18.151462,2026-10-08 20:26:18.184493,0 days 00:00:00.033031,0.9650005565480158,0.2787186776849379,0.14408307773568893,0.8447041163504106,0.2029356903300074,0.8109799501383577,0.7571556450260908,0.16948249432628346,0.8442863748431513,0.012469046909381398,1.5240349771776627,0.6267834931660292,0.4211914246842695,1.893899755580459,0.7210167964462254,0.07395918616747173,0.5891418356576028,9.366362726983331,0.07436003619590126,"{""facebook_spend_alpha"": 0.9650005565480158, ""facebook_spend_quantile"": 0.2787186776849379, ""facebook_spend_theta"": 0.14408307773568893, ""ooh_spend_alpha"": 0.8447041163504106, ""ooh_spend_quantile"": 0.2029356903300074, ""ooh_spend_theta"": 0.8109799501383577, ""print_spend_alpha"": 0.7571556450260908, ""print_spend_quantile"": 0.16948249432628346, ""print_spend_theta"": 0.8442863748431513, ""ridge_alpha"": 0.012469046909381398, ""search_spend_alpha"": 1.5240349771776627, ""search_spend_quantile"": 0.6267834931660292, ""search_spend_theta"": 0.4211914246842695, ""tv_spend_alpha"": 1.893899755580459, ""tv_spend_quantile"": 0.7210167964462254, ""tv_spend_theta"": 0.07395918616747173}",COMPLETE
37,0.1588876075011246,2026-10-08 20:26:18.184493,2026-10-08 20:26:18.219524,0 days 00:00:00.035031,1.0065692918873104,0.2672684010080314,0.0632502840806027,0.8617275413625164,0.28356516336554355,0.6527383721854855,0.7953053730366884,0.26098217942084134,0.8380628410659448,0.0578962363429464,1.3456580537266798,0.4299297324629873,0.3659575173105871,1.7821139630690417,0.7406590812475831,0.1057896736735888,0.5929751249168822,9.488287732831148,0.07362476975822556,"{""facebook_spend_alpha"": 1.0065692918873104, ""facebook_spend_quantile"": 0.2672684010080314, ""facebook_spend_theta"": 0.0632502840806027, ""ooh_spend_alpha"": 0.8617275413625164, ""ooh_spend_quantile"": 0.28356516336554355, ""ooh_spend_theta"": 0.6527383721854855, ""print_spend_alpha"": 0.7953053730366884, ""print_spend_quantile"": 0.26098217942084134, ""print_spend_theta"": 0.8380628410659448, ""ridge_alpha"": 0.0578962363429464, ""search_spend_alpha"": 1.3456580537266798, ""search_spend_quantile"": 0.4299297324629873, ""search_spend_theta"": 0.3659575173105871, ""tv_spend_alpha"": 1.7821139630690417, ""tv_spend_quantile"": 0.7406590812475831, ""tv_spend_theta"": 0.1057896736735888}",COMPLETE
38,0.1556709440541039,2026-10-08 20:26:18.220526,2026-10-08 20:26:18.250555,0 days 00:00:00.030029,0.863145405801288,0.32414069502141984,0.08357679700709911,0.8162523241946797,0.1788811155598869,0.8831406525755893,0.675439945413698,0.22963838830268152,0.8294726326816854,0.003507049900316847,1.6083866738900003,0.6489460214515583,0.43196028804005293,1.867595135593236,0.8215920881807339,0.1631747304673738,0.6073454495301817,9.718937773258448,0.07195752682794652,"{""facebook_spend_alpha"": 0.863145405801288, ""facebook_spend_quantile"": 0.32414069502141984, ""facebook_spend_theta"": 0.08357679700709911, ""ooh_spend_alpha"": 0.8162523241946797, ""ooh_spend_quantile"": 0.1788811155598869, ""ooh_spend_theta"": 0.8831406525755893, ""print_spend_alpha"": 0.675439945413698, ""print_spend_quantile"": 0.22963838830268152, ""print_spend_theta"": 0.8294726326816854, ""ridge_alpha"": 0.003507049900316847, ""search_spend_alpha"": 1.6083866738900003, ""search_spend_quantile"": 0.6489460214515583, ""search_spend_theta"": 0.43196028804005293, ""tv_spend_alpha"": 1.867595135593236, ""tv_spend_quantile"": 0.8215920881807339, ""tv_spend_theta"": 0.1631747304673738}",COMPLETE
39,0.16061925591218798,2026-10-08 20:26:18.251557,2026-10-08 20:26:18.283585,0 days 00:00:00.032028,0.8967529960919531,0.2828256206966817,0.09398524795569013,0.968758105111181,0.24938346952621793,0.8763928721078746,0.5456243581181611,0.32615188289304864,0.8044503896719288,0.0037153024025622524,1.8624791768322568,0.7019369989837347,0.36778819481157227,1.7444309526974024,0.7089793293003201,0.11986381042614137,0.5878967028626327,9.382617434561135,0.07141371689006877,"{""facebook_spend_alpha"": 0.8967529960919531, ""facebook_spend_quantile"": 0.2828256206966817, ""facebook_spend_theta"": 0.09398524795569013, ""ooh_spend_alpha"": 0.968758105111181, ""ooh_spend_quantile"": 0.24938346952621793, ""ooh_spend_theta"": 0.8763928721078746, ""print_spend_alpha"": 0.5456243581181611, ""print_spend_quantile"": 0.32615188289304864, ""print_spend_theta"": 0.8044503896719288, ""ridge_alpha"": 0.0037153024025622524, ""search_spend_alpha"": 1.8624791768322568, ""search_spend_quantile"": 0.7019369989837347, ""search_spend_theta"": 0.36778819481157227, ""tv_spend_alpha"": 1.7444309526974024, ""tv_spend_quantile"": 0.7089793293003201, ""tv_spend_theta"": 0.11986381042614137}",COMPLETE
40,0.15720121435311338,2026-10-08 20:26:18.283585,2026-10-08 20:26:18.313613,0 days 00:00:00.030028,0.6147030283196667,0.3555046679950512,0.3185109587880827,0.5065989578822723,0.32593919770582747,0.7697515126718227,0.6724476564886352,0.20825677570353307,0.7510659897747736,0.032140448411415584,1.6179709151129313,0.5459231479380201,0.389399962278367,1.868235205669933,0.782424841634035,0.1921397325575721,0.6046205640514654,9.722643997498682,0.06955434061957115,"{""facebook_spend_alpha"": 0.6147030283196667, ""facebook_spend_quantile"": 0.3555046679950512, ""facebook_spend_theta"": 0.3185109587880827, ""ooh_spend_alpha"": 0.5065989578822723, ""ooh_spend_quantile"": 0.32593919770582747, ""ooh_spend_theta"": 0.7697515126718227, ""print_spend_alpha"": 0.6724476564886352, ""print_spend_quantile"": 0.20825677570353307, ""print_spend_theta"": 0.7510659897747736, ""ridge_alpha"": 0.032140448411415584, ""search_spend_alpha"": 1.6179709151129313, ""search_spend_quantile"": 0.5459231479380201, ""search_spend_theta"": 0.389399962278367, ""tv_spend_alpha"": 1.868235205669933, ""tv_spend_quantile"": 0.782424841634035, ""tv_spend_theta"": 0.1921397325575721}",COMPLETE
41,0.15831512928455757,2026-10-08 20:26:18.314614,2026-10-08 20:26:18.343641,0 days 00:00:00.029027,0.5440979178833837,0.3474369207358082,0.2912307835105376,0.6776628579113618,0.3885663636222423,0.7316675924073045,0.6558337598945035,0.33510847673159094,0.8328212795644352,0.010404666253770631,1.7087500869801757,0.49546051794197327,0.5639115183487267,1.8327694327728612,0.7655381379731303,0.05427644160730466,0.5922956913461922,9.483549676601431,0.07588274466979993,"{""facebook_spend_alpha"": 0.5440979178833837, ""facebook_spend_quantile"": 0.3474369207358082, ""facebook_spend_theta"": 0.2912307835105376, ""ooh_spend_alpha"": 0.6776628579113618, ""ooh_spend_quantile"": 0.3885663636222423, ""ooh_spend_theta"": 0.7316675924073045, ""print_spend_alpha"": 0.6558337598945035, ""print_spend_quantile"": 0.33510847673159094, ""print_spend_theta"": 0.8328212795644352, ""ridge_alpha"": 0.010404666253770631, ""search_spend_alpha"": 1.7087500869801757, ""search_spend_quantile"": 0.49546051794197327, ""search_spend_theta"": 0.5639115183487267, ""tv_spend_alpha"": 1.8327694327728612, ""tv_spend_quantile"": 0.7655381379731303, ""tv_spend_theta"": 0.05427644160730466}",COMPLETE
42,0.15755435096123652,2026-10-08 20:26:18.343641,2026-10-08 20:26:18.373667,0 days 00:00:00.030026,0.619094508757672,0.31998603286713256,0.3439285564463664,0.7360830096096204,0.2876333025588961,0.7205999536070322,0.7490085616932161,0.20256004560769356,0.7819264494139896,0.03795642558801341,1.6023506542471533,0.4961752834740678,0.5993186178607532,1.8541939644966192,0.816381599522063,0.21252247916923267,0.603555222590369,9.555049317820055,0.06982822320729576,"{""facebook_spend_alpha"": 0.619094508757672, ""facebook_spend_quantile"": 0.31998603286713256, ""facebook_spend_theta"": 0.3439285564463664, ""ooh_spend_alpha"": 0.7360830096096204, ""ooh_spend_quantile"": 0.2876333025588961, ""ooh_spend_theta"": 0.7205999536070322, ""print_spend_alpha"": 0.7490085616932161, ""print_spend_quantile"": 0.20256004560769356, ""print_spend_theta"": 0.7819264494139896, ""ridge_alpha"": 0.03795642558801341, ""search_spend_alpha"": 1.6023506542471533, ""search_spend_quantile"": 0.4961752834740678, ""search_spend_theta"": 0.5993186178607532, ""tv_spend_alpha"": 1.8541939644966192, ""tv_spend_quantile"": 0.816381599522063, ""tv_spend_theta"": 0.21252247916923267}",COMPLETE
43,0.15691242165925362,2026-10-08 20:26:18.374668,2026-10-08 20:26:18.404696,0 days 00:00:00.030028,0.5764444421233401,0.29455059933037997,0.16208754501846176,0.8911488289279731,0.21330468300227118,0.8775480156461711,0.6599447547584157,0.22512504753177415,0.8006496446473017,0.044450667120002736,1.7134405241603525,0.5588389519861054,0.46387135426643855,1.8681333657209562,0.8003101778208505,0.20829378130757947,0.6050126231800378,9.668028000029947,0.06978028672671512,"{""facebook_spend_alpha"": 0.5764444421233401, ""facebook_spend_quantile"": 0.29455059933037997, ""facebook_spend_theta"": 0.16208754501846176, ""ooh_spend_alpha"": 0.8911488289279731, ""ooh_spend_quantile"": 0.21330468300227118, ""ooh_spend_theta"": 0.8775480156461711, ""print_spend_alpha"": 0.6599447547584157, ""print_spend_quantile"": 0.22512504753177415, ""print_spend_theta"": 0.8006496446473017, ""ridge_alpha"": 0.044450667120002736, ""search_spend_alpha"": 1.7134405241603525, ""search_spend_quantile"": 0.5588389519861054, ""search_spend_theta"": 0.46387135426643855, ""tv_spend_alpha"": 1.8681333657209562, ""tv_spend_quantile"": 0.8003101778208505, ""tv_spend_theta"": 0.20829378130757947}",COMPLETE
44,0.1571186154827835,2026-10-08 20:26:18.404696,2026-10-08 20:26:18.434723,0 days 00:00:00.030027,0.6430870946825813,0.30538447370114646,0.29636087620797336,0.7333847350365633,0.31917308354598495,0.8518746756692515,0.7227619426228785,0.2117460695545592,0.8489521202473047,0.09009219076486222,1.6217931550167273,0.5858182797013617,0.3075140921136176,1.9969321653983891,0.8069851515205264,0.24232633475792886,0.6062361017063485,9.608101881425545,0.06857252496836277,"{""facebook_spend_alpha"": 0.6430870946825813, ""facebook_spend_quantile"": 0.30538447370114646, ""facebook_spend_theta"": 0.29636087620797336, ""ooh_spend_alpha"": 0.7333847350365633, ""ooh_spend_quantile"": 0.31917308354598495, ""ooh_spend_theta"": 0.8518746756692515, ""print_spend_alpha"": 0.7227619426228785, ""print_spend_quantile"": 0.2117460695545592, ""print_spend_theta"": 0.8489521202473047, ""ridge_alpha"": 0.09009219076486222, ""search_spend_alpha"": 1.6217931550167273, ""search_spend_quantile"": 0.5858182797013617, ""search_spend_theta"": 0.3075140921136176, ""tv_spend_alpha"": 1.9969321653983891, ""tv_spend_quantile"": 0.8069851515205264, ""tv_spend_theta"": 0.24232633475792886}",COMPLETE
45,0.16380744969831143,2026-10-08 20:26:18.434723,2026-10-08 20:26:18.464751,0 days 00:00:00.030028,0.6675702689161914,0.297134276022635,0.18538932157890953,1.0155020546987352,0.2187027880139881,0.8921498847726052,0.5647654384530882,0.32473086377850946,0.8711605491126777,0.0013945666502968327,1.8256864501708074,0.5468273337699752,0.5498547646692924,1.8940465131238773,0.664951284615456,0.26811118993628663,0.581614164558547,10.022356546528576,0.06558077862159209,"{""facebook_spend_alpha"": 0.6675702689161914, ""facebook_spend_quantile"": 0.297134276022635, ""facebook_spend_theta"": 0.18538932157890953, ""ooh_spend_alpha"": 1.0155020546987352, ""ooh_spend_quantile"": 0.2187027880139881, ""ooh_spend_theta"": 0.8921498847726052, ""print_spend_alpha"": 0.5647654384530882, ""print_spend_quantile"": 0.32473086377850946, ""print_spend_theta"": 0.8711605491126777, ""ridge_alpha"": 0.0013945666502968327, ""search_spend_alpha"": 1.8256864501708074, ""search_spend_quantile"": 0.5468273337699752, ""search_spend_theta"": 0.5498547646692924, ""tv_spend_alpha"": 1.8940465131238773, ""tv_spend_quantile"": 0.664951284615456, ""tv_spend_theta"": 0.26811118993628663}",COMPLETE
46,0.15693191977404786,2026-10-08 20:26:18.464751,2026-10-08 20:26:18.494777,0 days 00:00:00.030026,0.7042326662174319,0.3311393739717085,0.16235684110945392,0.8452487777607801,0.1534300582967702,0.7233200039819385,0.6583386251206538,0.16353361995440302,0.856245801073858,0.025079703881567352,1.6180557190786842,0.5574081975941633,0.5174283518410313,1.6176648713030397,0.7923663461935966,0.1382435480465496,0.6013348990580801,9.52600091221134,0.07304971081722385,"{""facebook_spend_alpha"": 0.7042326662174319, ""facebook_spend_quantile"": 0.3311393739717085, ""facebook_spend_theta"": 0.16235684110945392, ""ooh_spend_alpha"": 0.8452487777607801, ""ooh_spend_quantile"": 0.1534300582967702, ""ooh_spend_theta"": 0.7233200039819385, ""print_spend_alpha"": 0.6583386251206538, ""print_spend_quantile"": 0.16353361995440302, ""print_spend_theta"": 0.856245801073858, ""ridge_alpha"": 0.025079703881567352, ""search_spend_alpha"": 1.6180557190786842, ""search_spend_quantile"": 0.5574081975941633, ""search_spend_theta"": 0.5174283518410313, ""tv_spend_alpha"": 1.6176648713030397, ""tv_spend_quantile"": 0.7923663461935966, ""tv_spend_theta"": 0.1382435480465496}",COMPLETE
47,0.15926368477768876,2026-10-08 20:26:18.494777,2026-10-08 20:26:18.524149,0 days 00:00:00.029372,0.827029542580895,0.29726062241058326,0.18177197800776063,0.9702716182762963,0.15322769009276943,0.8036696628789515,0.6046304748222531,0.2429902729522303,0.7035038845976874,0.0181448599876943,1.4889168741482128,0.6375303999039774,0.36925626894415287,1.9014652282731423,0.7272505952567765,0.18143510479873098,0.596730170006211,9.695726293784453,0.06921116922070811,"{""facebook_spend_alpha"": 0.827029542580895, ""facebook_spend_quantile"": 0.29726062241058326, ""facebook_spend_theta"": 0.18177197800776063, ""ooh_spend_alpha"": 0.9702716182762963, ""ooh_spend_quantile"": 0.15322769009276943, ""ooh_spend_theta"": 0.8036696628789515, ""print_spend_alpha"": 0.6046304748222531, ""print_spend_quantile"": 0.2429902729522303, ""print_spend_theta"": 0.7035038845976874, ""ridge_alpha"": 0.0181448599876943, ""search_spend_alpha"": 1.4889168741482128, ""search_spend_quantile"": 0.6375303999039774, ""search_spend_theta"": 0.36925626894415287, ""tv_spend_alpha"": 1.9014652282731423, ""tv_spend_quantile"": 0.7272505952567765, ""tv_spend_theta"": 0.18143510479873098}",COMPLETE
48,0.15892497515139112,2026-10-08 20:26:18.524149,2026-10-08 20:26:18.555177,0 days 00:00:00.031028,0.5116474617282238,0.29979493062367507,0.14453737591098664,0.9035860619508899,0.20079840193457824,0.8375592649883301,0.6737023247189163,0.35967815320058155,0.8995769198067324,0.014269800766272416,1.7558467695956883,0.4327678567792796,0.36269197909244355,1.813136068894424,0.733187343873317,0.15095459384720972,0.5949642417143659,9.494035636599028,0.07142886724281157,"{""facebook_spend_alpha"": 0.5116474617282238, ""facebook_spend_quantile"": 0.29979493062367507, ""facebook_spend_theta"": 0.14453737591098664, ""ooh_spend_alpha"": 0.9035860619508899, ""ooh_spend_quantile"": 0.20079840193457824, ""ooh_spend_theta"": 0.8375592649883301, ""print_spend_alpha"": 0.6737023247189163, ""print_spend_quantile"": 0.35967815320058155, ""print_spend_theta"": 0.8995769198067324, ""ridge_alpha"": 0.014269800766272416, ""search_spend_alpha"": 1.7558467695956883, ""search_spend_quantile"": 0.4327678567792796, ""search_spend_theta"": 0.36269197909244355, ""tv_spend_alpha"": 1.813136068894424, ""tv_spend_quantile"": 0.733187343873317, ""tv_spend_theta"": 0.15095459384720972}",COMPLETE
49,0.15617921975264712,2026-10-08 20:26:18.555177,2026-10-08 20:26:18.586205,0 days 00:00:00.031028,0.7650169127933811,0.3332598028853118,0.2421420435165317,0.8422868190860942,0.1563479636878162,0.6939446262669505,0.792132962656477,0.21299846096477174,0.8600840440422496,0.004532668134146809,1.4140926486904686,0.5184467101403492,0.5087542224612914,1.635312163415152,0.8379208826813265,0.15861915664633902,0.605877504757278,9.440229414976866,0.07228131607894579,"{""facebook_spend_alpha"": 0.7650169127933811, ""facebook_spend_quantile"": 0.3332598028853118, ""facebook_spend_theta"": 0.2421420435165317, ""ooh_spend_alpha"": 0.8422868190860942, ""ooh_spend_quantile"": 0.1563479636878162, ""ooh_spend_theta"": 0.6939446262669505, ""print_spend_alpha"": 0.792132962656477, ""print_spend_quantile"": 0.21299846096477174, ""print_spend_theta"": 0.8600840440422496, ""ridge_alpha"": 0.004532668134146809, ""search_spend_alpha"": 1.4140926486904686, ""search_spend_quantile"": 0.5184467101403492, ""search_spend_theta"": 0.5087542224612914, ""tv_spend_alpha"": 1.635312163415152, ""tv_spend_quantile"": 0.8379208826813265, ""tv_spend_theta"": 0.15861915664633902}",COMPLETE
50,0.15997394017505692,2026-10-08 20:26:18.587206,2026-10-08 20:26:18.620236,0 days 00:00:00.033030,0.5664532879240829,0.4023597166840933,0.13958123401182204,0.6286263362685292,0.226062058233849,0.676427875329538,0.9879267078819962,0.2666644345354022,0.8325193459813248,0.015082403854794724,1.620300024414651,0.5332587196210109,0.5367838054776514,1.9575270177839308,0.7578709271214735,0.2938219492497502,0.5970253015684848,9.978535659877027,0.0667756688752272,"{""facebook_spend_alpha"": 0.5664532879240829, ""facebook_spend_quantile"": 0.4023597166840933, ""facebook_spend_theta"": 0.13958123401182204, ""ooh_spend_alpha"": 0.6286263362685292, ""ooh_spend_quantile"": 0.226062058233849, ""ooh_spend_theta"": 0.676427875329538, ""print_spend_alpha"": 0.9879267078819962, ""print_spend_quantile"": 0.2666644345354022, ""print_spend_theta"": 0.8325193459813248, ""ridge_alpha"": 0.015082403854794724, ""search_spend_alpha"": 1.620300024414651, ""search_spend_quantile"": 0.5332587196210109, ""search_spend_theta"": 0.5367838054776514, ""tv_spend_alpha"": 1.9575270177839308, ""tv_spend_quantile"": 0.7578709271214735, ""tv_spend_theta"": 0.2938219492497502}",COMPLETE
51,0.15639147414521848,2026-10-08 20:26:18.620236,2026-10-08 20:26:18.654267,0 days 00:00:00.034031,0.6326878587746715,0.3816234251074913,0.22114095483579801,0.5650334882939589,0.2003587368107928,0.7457093668325495,0.5639241888542235,0.3391679678363611,0.75208348932032,0.0017551615216807432,0.8489179167124357,0.5238504145126163,0.18771150097330636,1.6544140208845732,0.8129199171248276,0.1317821798161809,0.6067293481483864,9.676325520078118,0.0712023535861966,"{""facebook_spend_alpha"": 0.6326878587746715, ""facebook_spend_quantile"": 0.3816234251074913, ""facebook_spend_theta"": 0.22114095483579801, ""ooh_spend_alpha"": 0.5650334882939589, ""ooh_spend_quantile"": 0.2003587368107928, ""ooh_spend_theta"": 0.7457093668325495, ""print_spend_alpha"": 0.5639241888542235, ""print_spend_quantile"": 0.3391679678363611, ""print_spend_theta"": 0.75208348932032, ""ridge_alpha"": 0.0017551615216807432, ""search_spend_alpha"": 0.8489179167124357, ""search_spend_quantile"": 0.5238504145126163, ""search_spend_theta"": 0.18771150097330636, ""tv_spend_alpha"": 1.6544140208845732, ""tv_spend_quantile"": 0.8129199171248276, ""tv_spend_theta"": 0.1317821798161809}",COMPLETE
52,0.1575663352857002,2026-10-08 20:26:18.654267,2026-10-08 20:26:18.685295,0 days 00:00:00.031028,0.5888424327961563,0.43961967959270787,0.1534182746117357,0.6327696308882076,0.29725933990127906,0.7599805057553861,0.5609676562832792,0.2992308493654528,0.7987600240293963,0.13042858820565864,1.0862594075231031,0.5680663371987539,0.4850934529878214,1.9473459984311403,0.8436811801168256,0.28419370852524134,0.6062891498549464,9.939189556321624,0.0673221810804688,"{""facebook_spend_alpha"": 0.5888424327961563, ""facebook_spend_quantile"": 0.43961967959270787, ""facebook_spend_theta"": 0.1534182746117357, ""ooh_spend_alpha"": 0.6327696308882076, ""ooh_spend_quantile"": 0.29725933990127906, ""ooh_spend_theta"": 0.7599805057553861, ""print_spend_alpha"": 0.5609676562832792, ""print_spend_quantile"": 0.2992308493654528, ""print_spend_theta"": 0.7987600240293963, ""ridge_alpha"": 0.13042858820565864, ""search_spend_alpha"": 1.0862594075231031, ""search_spend_quantile"": 0.5680663371987539, ""search_spend_theta"": 0.4850934529878214, ""tv_spend_alpha"": 1.9473459984311403, ""tv_spend_quantile"": 0.8436811801168256, ""tv_spend_theta"": 0.28419370852524134}",COMPLETE
53,0.15757603187989044,2026-10-08 20:26:18.686296,2026-10-08 20:26:18.718325,0 days 00:00:00.032029,0.5528081596890759,0.3813695933421284,0.1323863280177839,0.9129965376280403,0.16090347546939526,0.8745572556193915,0.8012501948730735,0.18597756487018924,0.8041429177493787,0.01813699747155256,1.768408006887249,0.4396372433919751,0.3882759476906037,1.843205554284721,0.7621589870922357,0.15819731262218045,0.60058821664974,9.785714518402939,0.0711146513675322,"{""facebook_spend_alpha"": 0.5528081596890759, ""facebook_spend_quantile"": 0.3813695933421284, ""facebook_spend_theta"": 0.1323863280177839, ""ooh_spend_alpha"": 0.9129965376280403, ""ooh_spend_quantile"": 0.16090347546939526, ""ooh_spend_theta"": 0.8745572556193915, ""print_spend_alpha"": 0.8012501948730735, ""print_spend_quantile"": 0.18597756487018924, ""print_spend_theta"": 0.8041429177493787, ""ridge_alpha"": 0.01813699747155256, ""search_spend_alpha"": 1.768408006887249, ""search_spend_quantile"": 0.4396372433919751, ""search_spend_theta"": 0.3882759476906037, ""tv_spend_alpha"": 1.843205554284721, ""tv_spend_quantile"": 0.7621589870922357, ""tv_spend_theta"": 0.15819731262218045}",COMPLETE
54,0.1577246954041634,2026-10-08 20:26:18.718325,2026-10-08 20:26:18.750354,0 days 00:00:00.032029,0.5809205049907591,0.3121551941387,0.18118147716852506,1.0294907214448632,0.3461193437801079,0.8703608959653132,0.5872816204714133,0.3114292177760705,0.7545245075002194,0.022490563239617394,1.629575050146931,0.5579940107542659,0.4036275568240595,1.7171778461728013,0.839138617030148,0.19410900321069435,0.601770550144137,9.458821492059643,0.07039926558523993,"{""facebook_spend_alpha"": 0.5809205049907591, ""facebook_spend_quantile"": 0.3121551941387, ""facebook_spend_theta"": 0.18118147716852506, ""ooh_spend_alpha"": 1.0294907214448632, ""ooh_spend_quantile"": 0.3461193437801079, ""ooh_spend_theta"": 0.8703608959653132, ""print_spend_alpha"": 0.5872816204714133, ""print_spend_quantile"": 0.3114292177760705, ""print_spend_theta"": 0.7545245075002194, ""ridge_alpha"": 0.022490563239617394, ""search_spend_alpha"": 1.629575050146931, ""search_spend_quantile"": 0.5579940107542659, ""search_spend_theta"": 0.4036275568240595, ""tv_spend_alpha"": 1.7171778461728013, ""tv_spend_quantile"": 0.839138617030148, ""tv_spend_theta"": 0.19410900321069435}",COMPLETE
55,0.1563128175563508,2026-10-08 20:26:18.751355,2026-10-08 20:26:18.786387,0 days 00:00:00.035032,0.6158502889142652,0.24394730872465703,0.1032662898726607,0.7588684814464235,0.15732277037794545,0.7475776892476199,1.025616049664388,0.22051151786479406,0.7735799071214718,0.09440708161875457,1.425888122194429,0.43962502615408106,0.504416160264142,1.7662471558657225,0.8203846627032169,0.06929543391430208,0.6041551343956308,9.510023876320508,0.07329124096992201,"{""facebook_spend_alpha"": 0.6158502889142652, ""facebook_spend_quantile"": 0.24394730872465703, ""facebook_spend_theta"": 0.1032662898726607, ""ooh_spend_alpha"": 0.7588684814464235, ""ooh_spend_quantile"": 0.15732277037794545, ""ooh_spend_theta"": 0.7475776892476199, ""print_spend_alpha"": 1.025616049664388, ""print_spend_quantile"": 0.22051151786479406, ""print_spend_theta"": 0.7735799071214718, ""ridge_alpha"": 0.09440708161875457, ""search_spend_alpha"": 1.425888122194429, ""search_spend_quantile"": 0.43962502615408106, ""search_spend_theta"": 0.504416160264142, ""tv_spend_alpha"": 1.7662471558657225, ""tv_spend_quantile"": 0.8203846627032169, ""tv_spend_theta"": 0.06929543391430208}",COMPLETE
56,0.1603654097635752,2026-10-08 20:26:18.787388,2026-10-08 20:26:18.822419,0 days 00:00:00.035031,0.5782939141676458,0.3878334640865161,0.3014969095599406,0.527508697381865,0.2913119715742544,0.7177688432278954,0.5108097689378803,0.2570648741807193,0.7329878020391246,0.003979642199804952,0.7055238825534366,0.4933475651299932,0.26307875254834556,1.7714331094504203,0.701705830496585,0.11308447259901776,0.5904279294532193,9.834450809982602,0.07105239987026327,"{""facebook_spend_alpha"": 0.5782939141676458, ""facebook_spend_quantile"": 0.3878334640865161, ""facebook_spend_theta"": 0.3014969095599406, ""ooh_spend_alpha"": 0.527508697381865, ""ooh_spend_quantile"": 0.2913119715742544, ""ooh_spend_theta"": 0.7177688432278954, ""print_spend_alpha"": 0.5108097689378803, ""print_spend_quantile"": 0.2570648741807193, ""print_spend_theta"": 0.7329878020391246, ""ridge_alpha"": 0.003979642199804952, ""search_spend_alpha"": 0.7055238825534366, ""search_spend_quantile"": 0.4933475651299932, ""search_spend_theta"": 0.26307875254834556, ""tv_spend_alpha"": 1.7714331094504203, ""tv_spend_quantile"": 0.701705830496585, ""tv_spend_theta"": 0.11308447259901776}",COMPLETE
57,0.15713846352217,2026-10-08 20:26:18.823421,2026-10-08 20:26:18.857451,0 days 00:00:00.034030,0.694945268837299,0.43038195294746406,0.12226961850784568,0.5755401327333983,0.19046667632740114,0.7268169634031624,0.5555741035267526,0.30744743475734143,0.637933798285071,0.003106009994844412,0.665123922874936,0.45961028190844344,0.3236117872949646,1.6217149689207424,0.8022152062740974,0.17838543215762914,0.6069519226785801,9.944675638154662,0.06881726185724323,"{""facebook_spend_alpha"": 0.694945268837299, ""facebook_spend_quantile"": 0.43038195294746406, ""facebook_spend_theta"": 0.12226961850784568, ""ooh_spend_alpha"": 0.5755401327333983, ""ooh_spend_quantile"": 0.19046667632740114, ""ooh_spend_theta"": 0.7268169634031624, ""print_spend_alpha"": 0.5555741035267526, ""print_spend_quantile"": 0.30744743475734143, ""print_spend_theta"": 0.637933798285071, ""ridge_alpha"": 0.003106009994844412, ""search_spend_alpha"": 0.665123922874936, ""search_spend_quantile"": 0.45961028190844344, ""search_spend_theta"": 0.3236117872949646, ""tv_spend_alpha"": 1.6217149689207424, ""tv_spend_quantile"": 0.8022152062740974, ""tv_spend_theta"": 0.17838543215762914}",COMPLETE
58,0.15718000870037438,2026-10-08 20:26:18.858453,2026-10-08 20:26:18.896487,0 days 00:00:00.038034,0.7002251735325956,0.2722136169921956,0.2145291044447318,0.6035150377183255,0.22590710184550328,0.6421205226628321,0.5600929066788018,0.43160438948557317,0.7129173231850584,0.0031213460987141173,0.8795383688725715,0.4501489450646568,0.30649560630331685,1.6815971444280873,0.7848968219599911,0.15184190442566536,0.6044342618539263,9.599087587579866,0.07046512912788866,"{""facebook_spend_alpha"": 0.7002251735325956, ""facebook_spend_quantile"": 0.2722136169921956, ""facebook_spend_theta"": 0.2145291044447318, ""ooh_spend_alpha"": 0.6035150377183255, ""ooh_spend_quantile"": 0.22590710184550328, ""ooh_spend_theta"": 0.6421205226628321, ""print_spend_alpha"": 0.5600929066788018, ""print_spend_quantile"": 0.43160438948557317, ""print_spend_theta"": 0.7129173231850584, ""ridge_alpha"": 0.0031213460987141173, ""search_spend_alpha"": 0.8795383688725715, ""search_spend_quantile"": 0.4501489450646568, ""search_spend_theta"": 0.30649560630331685, ""tv_spend_alpha"": 1.6815971444280873, ""tv_spend_quantile"": 0.7848968219599911, ""tv_spend_theta"": 0.15184190442566536}",COMPLETE
59,0.1604301993606882,2026-10-08 20:26:18.897487,2026-10-08 20:26:18.930518,0 days 00:00:00.033031,1.0314510119536369,0.2436274444035026,0.008178126288332255,0.9471230004367781,0.22513591309846143,0.7380125651188612,0.8943189718066251,0.2274424511394972,0.8328989931796528,0.008105715661585742,1.6213143175415814,0.7213078673819151,0.33744110076667433,1.8397399037585953,0.7200005469830328,0.17415037501843694,0.5909561832480997,9.41740071953398,0.06997380485674384,"{""facebook_spend_alpha"": 1.0314510119536369, ""facebook_spend_quantile"": 0.2436274444035026, ""facebook_spend_theta"": 0.008178126288332255, ""ooh_spend_alpha"": 0.9471230004367781, ""ooh_spend_quantile"": 0.22513591309846143, ""ooh_spend_theta"": 0.7380125651188612, ""print_spend_alpha"": 0.8943189718066251, ""print_spend_quantile"": 0.2274424511394972, ""print_spend_theta"": 0.8328989931796528, ""ridge_alpha"": 0.008105715661585742, ""search_spend_alpha"": 1.6213143175415814, ""search_spend_quantile"": 0.7213078673819151, ""search_spend_theta"": 0.33744110076667433, ""tv_spend_alpha"": 1.8397399037585953, ""tv_spend_quantile"": 0.7200005469830328, ""tv_spend_theta"": 0.17415037501843694}",COMPLETE
60,0.156085937973507,2026-10-08 20:26:18.930518,2026-10-08 20:26:18.960545,0 days 00:00:00.030027,0.6351377034929211,0.38786215967291937,0.1478841921814586,0.5882399260253113,0.16334345953872134,0.7137744048887656,0.6929174450961086,0.32766486893254415,0.6329064985468131,0.0012973091360779902,0.9224938704439541,0.5068742757067751,0.4811240241532327,1.6866264028825693,0.8172567804669745,0.09813882170536256,0.607040078624211,9.726618830266355,0.07208709388668211,"{""facebook_spend_alpha"": 0.6351377034929211, ""facebook_spend_quantile"": 0.38786215967291937, ""facebook_spend_theta"": 0.1478841921814586, ""ooh_spend_alpha"": 0.5882399260253113, ""ooh_spend_quantile"": 0.16334345953872134, ""ooh_spend_theta"": 0.7137744048887656, ""print_spend_alpha"": 0.6929174450961086, ""print_spend_quantile"": 0.32766486893254415, ""print_spend_theta"": 0.6329064985468131, ""ridge_alpha"": 0.0012973091360779902, ""search_spend_alpha"": 0.9224938704439541, ""search_spend_quantile"": 0.5068742757067751, ""search_spend_theta"": 0.4811240241532327, ""tv_spend_alpha"": 1.6866264028825693, ""tv_spend_quantile"": 0.8172567804669745, ""tv_spend_theta"": 0.09813882170536256}",COMPLETE
61,0.1569975008922341,2026-10-08 20:26:18.961546,2026-10-08 20:26:18.995576,0 days 00:00:00.034030,0.5264747026182682,0.3806579192747086,0.28152543056083884,0.6631281439807248,0.2574068428606049,0.7389690036502375,0.7004530437630776,0.22453139169550002,0.7771277196041223,0.0017199462064771101,0.9991706328764294,0.5863866600129045,0.22829424202039186,1.698225736625154,0.8149535885307806,0.0776866465950895,0.601723963522299,9.536056804820022,0.07331219585296254,"{""facebook_spend_alpha"": 0.5264747026182682, ""facebook_spend_quantile"": 0.3806579192747086, ""facebook_spend_theta"": 0.28152543056083884, ""ooh_spend_alpha"": 0.6631281439807248, ""ooh_spend_quantile"": 0.2574068428606049, ""ooh_spend_theta"": 0.7389690036502375, ""print_spend_alpha"": 0.7004530437630776, ""print_spend_quantile"": 0.22453139169550002, ""print_spend_theta"": 0.7771277196041223, ""ridge_alpha"": 0.0017199462064771101, ""search_spend_alpha"": 0.9991706328764294, ""search_spend_quantile"": 0.5863866600129045, ""search_spend_theta"": 0.22829424202039186, ""tv_spend_alpha"": 1.698225736625154, ""tv_spend_quantile"": 0.8149535885307806, ""tv_spend_theta"": 0.0776866465950895}",COMPLETE
62,0.15761527650811893,2026-10-08 20:26:18.995576,2026-10-08 20:26:19.029607,0 days 00:00:00.034031,0.6945604568156485,0.3224652072159471,0.2867205652906312,0.7196197459337467,0.15404190246668936,0.7088816004231956,0.7676724422572538,0.4012905068359479,0.7800733506435356,0.002204260270040565,0.9408368374546313,0.4982842705606098,0.1509143357185201,1.6401765871755785,0.7782525465745843,0.15772732000353126,0.6025396528199511,9.570556853848164,0.07051775501778636,"{""facebook_spend_alpha"": 0.6945604568156485, ""facebook_spend_quantile"": 0.3224652072159471, ""facebook_spend_theta"": 0.2867205652906312, ""ooh_spend_alpha"": 0.7196197459337467, ""ooh_spend_quantile"": 0.15404190246668936, ""ooh_spend_theta"": 0.7088816004231956, ""print_spend_alpha"": 0.7676724422572538, ""print_spend_quantile"": 0.4012905068359479, ""print_spend_theta"": 0.7800733506435356, ""ridge_alpha"": 0.002204260270040565, ""search_spend_alpha"": 0.9408368374546313, ""search_spend_quantile"": 0.4982842705606098, ""search_spend_theta"": 0.1509143357185201, ""tv_spend_alpha"": 1.6401765871755785, ""tv_spend_quantile"": 0.7782525465745843, ""tv_spend_theta"": 0.15772732000353126}",COMPLETE
63,0.1557457584614632,2026-10-08 20:26:19.029607,2026-10-08 20:26:19.064639,0 days 00:00:00.035032,0.7777074550685154,0.19244509611869523,0.1363701769208753,0.7803906490607976,0.16333787383596837,0.8072574659782872,1.0502375827168795,0.2305303748473035,0.8347310281293515,0.04563532830007085,1.312404491359268,0.4341020304380666,0.5569859180059151,1.8748125864345746,0.8408314887415033,0.1916396865787408,0.6090504584253121,9.450215145931978,0.07088617762499107,"{""facebook_spend_alpha"": 0.7777074550685154, ""facebook_spend_quantile"": 0.19244509611869523, ""facebook_spend_theta"": 0.1363701769208753, ""ooh_spend_alpha"": 0.7803906490607976, ""ooh_spend_quantile"": 0.16333787383596837, ""ooh_spend_theta"": 0.8072574659782872, ""print_spend_alpha"": 1.0502375827168795, ""print_spend_quantile"": 0.2305303748473035, ""print_spend_theta"": 0.8347310281293515, ""ridge_alpha"": 0.04563532830007085, ""search_spend_alpha"": 1.312404491359268, ""search_spend_quantile"": 0.4341020304380666, ""search_spend_theta"": 0.5569859180059151, ""tv_spend_alpha"": 1.8748125864345746, ""tv_spend_quantile"": 0.8408314887415033, ""tv_spend_theta"": 0.1916396865787408}",COMPLETE
64,0.15768959449951384,2026-10-08 20:26:19.064639,2026-10-08 20:26:19.115685,0 days 00:00:00.051046,0.8073592689808786,0.3792282751787312,0.2596754998207317,0.7165055421480231,0.18914382889047898,0.6254572421456825,0.6302356478262431,0.38604075113786895,0.6301629060688632,0.0012130652148584656,0.774578459018881,0.5561968778438505,0.547759285899689,1.6667985148997113,0.7637262262637904,0.039713427160447345,0.5986177839044108,9.861168883163835,0.07378815473427262,"{""facebook_spend_alpha"": 0.8073592689808786, ""facebook_spend_quantile"": 0.3792282751787312, ""facebook_spend_theta"": 0.2596754998207317, ""ooh_spend_alpha"": 0.7165055421480231, ""ooh_spend_quantile"": 0.18914382889047898, ""ooh_spend_theta"": 0.6254572421456825, ""print_spend_alpha"": 0.6302356478262431, ""print_spend_quantile"": 0.38604075113786895, ""print_spend_theta"": 0.6301629060688632, ""ridge_alpha"": 0.0012130652148584656, ""search_spend_alpha"": 0.774578459018881, ""search_spend_quantile"": 0.5561968778438505, ""search_spend_theta"": 0.547759285899689, ""tv_spend_alpha"": 1.6667985148997113, ""tv_spend_quantile"": 0.7637262262637904, ""tv_spend_theta"": 0.039713427160447345}",COMPLETE
65,0.1570704197066897,2026-10-08 20:26:19.116686,2026-10-08 20:26:19.187754,0 days 00:00:00.071068,0.6918475160681116,0.23735506225621142,0.11153507765431159,0.7452536940403504,0.16215244632319012,0.69817242233732,1.136182898207982,0.2395962625335547,0.8294610593946582,0.5373633764005729,1.581288380011404,0.4474664275619262,0.46775874333967776,1.8765268491266072,0.7491090708614266,0.05088903990104657,0.5990619483980937,9.546207525293413,0.0743661097794958,"{""facebook_spend_alpha"": 0.6918475160681116, ""facebook_spend_quantile"": 0.23735506225621142, ""facebook_spend_theta"": 0.11153507765431159, ""ooh_spend_alpha"": 0.7452536940403504, ""ooh_spend_quantile"": 0.16215244632319012, ""ooh_spend_theta"": 0.69817242233732, ""print_spend_alpha"": 1.136182898207982, ""print_spend_quantile"": 0.2395962625335547, ""print_spend_theta"": 0.8294610593946582, ""ridge_alpha"": 0.5373633764005729, ""search_spend_alpha"": 1.581288380011404, ""search_spend_quantile"": 0.4474664275619262, ""search_spend_theta"": 0.46775874333967776, ""tv_spend_alpha"": 1.8765268491266072, ""tv_spend_quantile"": 0.7491090708614266, ""tv_spend_theta"": 0.05088903990104657}",COMPLETE
66,0.1574208956144468,2026-10-08 20:26:19.188756,2026-10-08 20:26:19.239802,0 days 00:00:00.051046,0.5957788835933211,0.4721793042973962,0.11774931753084461,0.5299452937971157,0.20479606555557506,0.673498585488407,0.665021358626741,0.37718916679049086,0.6720087092620906,0.001268944342355637,0.8547879136647044,0.5062580415365555,0.07519548760034003,1.552642316815407,0.8456971246777444,0.223575963427119,0.6073109660056466,9.95493005937955,0.06743206117768741,"{""facebook_spend_alpha"": 0.5957788835933211, ""facebook_spend_quantile"": 0.4721793042973962, ""facebook_spend_theta"": 0.11774931753084461, ""ooh_spend_alpha"": 0.5299452937971157, ""ooh_spend_quantile"": 0.20479606555557506, ""ooh_spend_theta"": 0.673498585488407, ""print_spend_alpha"": 0.665021358626741, ""print_spend_quantile"": 0.37718916679049086, ""print_spend_theta"": 0.6720087092620906, ""ridge_alpha"": 0.001268944342355637, ""search_spend_alpha"": 0.8547879136647044, ""search_spend_quantile"": 0.5062580415365555, ""search_spend_theta"": 0.07519548760034003, ""tv_spend_alpha"": 1.552642316815407, ""tv_spend_quantile"": 0.8456971246777444, ""tv_spend_theta"": 0.223575963427119}",COMPLETE
67,0.1579789427129781,2026-10-08 20:26:19.240802,2026-10-08 20:26:19.274376,0 days 00:00:00.033574,0.9264607157999958,0.33071836111624264,0.08945597360506827,0.9141532429503324,0.2953516177345905,0.8405540367726713,0.8015910740156788,0.26002293392124964,0.8524093483521961,0.0032064995946128666,1.5775998699266278,0.5688394622213201,0.33477403221783775,1.901421513229226,0.8351178323638841,0.26859612767946994,0.6034833919482515,9.663742684090499,0.06836635261592756,"{""facebook_spend_alpha"": 0.9264607157999958, ""facebook_spend_quantile"": 0.33071836111624264, ""facebook_spend_theta"": 0.08945597360506827, ""ooh_spend_alpha"": 0.9141532429503324, ""ooh_spend_quantile"": 0.2953516177345905, ""ooh_spend_theta"": 0.8405540367726713, ""print_spend_alpha"": 0.8015910740156788, ""print_spend_quantile"": 0.26002293392124964, ""print_spend_theta"": 0.8524093483521961, ""ridge_alpha"": 0.0032064995946128666, ""search_spend_alpha"": 1.5775998699266278, ""search_spend_quantile"": 0.5688394622213201, ""search_spend_theta"": 0.33477403221783775, ""tv_spend_alpha"": 1.901421513229226, ""tv_spend_quantile"": 0.8351178323638841, ""tv_spend_theta"": 0.26859612767946994}",COMPLETE
68,0.1567771635058431,2026-10-08 20:26:19.274376,2026-10-08 20:26:19.306405,0 days 00:00:00.032029,0.714072571473537,0.3894763457759688,0.26174092088156337,0.5803359350391627,0.19850303853471976,0.7509861779116946,0.7487197174775635,0.3361345188945508,0.47418659454135714,0.00398449116138987,0.8255078402954361,0.49394746563953185,0.5139447918261579,1.6197631786068527,0.78851053368939,0.1641505701075745,0.6069316010410651,9.693566090122777,0.06986023336850235,"{""facebook_spend_alpha"": 0.714072571473537, ""facebook_spend_quantile"": 0.3894763457759688, ""facebook_spend_theta"": 0.26174092088156337, ""ooh_spend_alpha"": 0.5803359350391627, ""ooh_spend_quantile"": 0.19850303853471976, ""ooh_spend_theta"": 0.7509861779116946, ""print_spend_alpha"": 0.7487197174775635, ""print_spend_quantile"": 0.3361345188945508, ""print_spend_theta"": 0.47418659454135714, ""ridge_alpha"": 0.00398449116138987, ""search_spend_alpha"": 0.8255078402954361, ""search_spend_quantile"": 0.49394746563953185, ""search_spend_theta"": 0.5139447918261579, ""tv_spend_alpha"": 1.6197631786068527, ""tv_spend_quantile"": 0.78851053368939, ""tv_spend_theta"": 0.1641505701075745}",COMPLETE
69,0.15768186190771386,2026-10-08 20:26:19.306405,2026-10-08 20:26:19.345441,0 days 00:00:00.039036,0.6671265719123946,0.34840570963728695,0.2493078228998688,0.8294260473613213,0.18272265950593689,0.7196747460800508,0.9174876118202137,0.20002143430491098,0.898285491856981,0.00464597796887533,1.3434450156748157,0.4761518110600915,0.4521716049867531,1.6447676043381672,0.7845829785373866,0.14597734497326426,0.5996058512090641,9.47922591847393,0.07230440036556719,"{""facebook_spend_alpha"": 0.6671265719123946, ""facebook_spend_quantile"": 0.34840570963728695, ""facebook_spend_theta"": 0.2493078228998688, ""ooh_spend_alpha"": 0.8294260473613213, ""ooh_spend_quantile"": 0.18272265950593689, ""ooh_spend_theta"": 0.7196747460800508, ""print_spend_alpha"": 0.9174876118202137, ""print_spend_quantile"": 0.20002143430491098, ""print_spend_theta"": 0.898285491856981, ""ridge_alpha"": 0.00464597796887533, ""search_spend_alpha"": 1.3434450156748157, ""search_spend_quantile"": 0.4761518110600915, ""search_spend_theta"": 0.4521716049867531, ""tv_spend_alpha"": 1.6447676043381672, ""tv_spend_quantile"": 0.7845829785373866, ""tv_spend_theta"": 0.14597734497326426}",COMPLETE
70,0.15547492423923906,2026-10-08 20:26:19.345441,2026-10-08 20:26:19.386478,0 days 00:00:00.041037,0.5600763009048298,0.2311886672416959,0.08781403913705112,0.6348289195776399,0.19593812591690024,0.6164876804880779,0.931992929490462,0.15388503190615094,0.8352268566784331,0.1992605301827159,1.3817738498290961,0.42132872761871176,0.5725508803583242,1.9209753717137383,0.8294288761157225,0.14079098991073752,0.6091676664873964,9.416066070212066,0.07212527454801076,"{""facebook_spend_alpha"": 0.5600763009048298, ""facebook_spend_quantile"": 0.2311886672416959, ""facebook_spend_theta"": 0.08781403913705112, ""ooh_spend_alpha"": 0.6348289195776399, ""ooh_spend_quantile"": 0.19593812591690024, ""ooh_spend_theta"": 0.6164876804880779, ""print_spend_alpha"": 0.931992929490462, ""print_spend_quantile"": 0.15388503190615094, ""print_spend_theta"": 0.8352268566784331, ""ridge_alpha"": 0.1992605301827159, ""search_spend_alpha"": 1.3817738498290961, ""search_spend_quantile"": 0.42132872761871176, ""search_spend_theta"": 0.5725508803583242, ""tv_spend_alpha"": 1.9209753717137383, ""tv_spend_quantile"": 0.8294288761157225, ""tv_spend_theta"": 0.14079098991073752}",COMPLETE
71,0.15653895961619055,2026-10-08 20:26:19.386478,2026-10-08 20:26:19.418507,0 days 00:00:00.032029,0.5711115561753527,0.34510337984721356,0.17633506952621286,0.8817814460696118,0.21601431560926543,0.7468039011287751,0.9409712980000523,0.2851411346099282,0.7423658778559413,0.10534601086188543,1.2988501762500222,0.4358035014008938,0.5076303028099124,1.7164971463856693,0.8430731415100451,0.16293027169533691,0.6068363094789576,9.587142623351593,0.0706250477402513,"{""facebook_spend_alpha"": 0.5711115561753527, ""facebook_spend_quantile"": 0.34510337984721356, ""facebook_spend_theta"": 0.17633506952621286, ""ooh_spend_alpha"": 0.8817814460696118, ""ooh_spend_quantile"": 0.21601431560926543, ""ooh_spend_theta"": 0.7468039011287751, ""print_spend_alpha"": 0.9409712980000523, ""print_spend_quantile"": 0.2851411346099282, ""print_spend_theta"": 0.7423658778559413, ""ridge_alpha"": 0.10534601086188543, ""search_spend_alpha"": 1.2988501762500222, ""search_spend_quantile"": 0.4358035014008938, ""search_spend_theta"": 0.5076303028099124, ""tv_spend_alpha"": 1.7164971463856693, ""tv_spend_quantile"": 0.8430731415100451, ""tv_spend_theta"": 0.16293027169533691}",COMPLETE
72,0.15692189793316394,2026-10-08 20:26:19.418507,2026-10-08 20:26:19.456542,0 days 00:00:00.038035,0.6300112188180966,0.2590549380735735,0.03131042266030817,0.6401425630018732,0.18649297851573568,0.6501327300002822,0.7364003191795467,0.177887903242382,0.8755471577818099,0.23153042882236963,1.244206200554021,0.36205722712817634,0.621877590101753,1.7462836624347429,0.8123021462294033,0.01038972868104257,0.602097189625777,9.473198556631786,0.07343834898090641,"{""facebook_spend_alpha"": 0.6300112188180966, ""facebook_spend_quantile"": 0.2590549380735735, ""facebook_spend_theta"": 0.03131042266030817, ""ooh_spend_alpha"": 0.6401425630018732, ""ooh_spend_quantile"": 0.18649297851573568, ""ooh_spend_theta"": 0.6501327300002822, ""print_spend_alpha"": 0.7364003191795467, ""print_spend_quantile"": 0.177887903242382, ""print_spend_theta"": 0.8755471577818099, ""ridge_alpha"": 0.23153042882236963, ""search_spend_alpha"": 1.244206200554021, ""search_spend_quantile"": 0.36205722712817634, ""search_spend_theta"": 0.621877590101753, ""tv_spend_alpha"": 1.7462836624347429, ""tv_spend_quantile"": 0.8123021462294033, ""tv_spend_theta"": 0.01038972868104257}",COMPLETE
73,0.15659724659776708,2026-10-08 20:26:19.457543,2026-10-08 20:26:19.501582,0 days 00:00:00.044039,0.5226452249472388,0.16615722359785945,0.08059219397805176,0.8521426229625887,0.22715766440967525,0.6210147657528207,0.8998620379604382,0.15583366730896198,0.8375514363237552,0.3562839958363933,1.4759663569969987,0.4111148058584992,0.5371092139794671,1.9402099404492412,0.7789308406947208,0.16150727322206937,0.6054078976504093,9.501507377232937,0.07116946740562652,"{""facebook_spend_alpha"": 0.5226452249472388, ""facebook_spend_quantile"": 0.16615722359785945, ""facebook_spend_theta"": 0.08059219397805176, ""ooh_spend_alpha"": 0.8521426229625887, ""ooh_spend_quantile"": 0.22715766440967525, ""ooh_spend_theta"": 0.6210147657528207, ""print_spend_alpha"": 0.8998620379604382, ""print_spend_quantile"": 0.15583366730896198, ""print_spend_theta"": 0.8375514363237552, ""ridge_alpha"": 0.3562839958363933, ""search_spend_alpha"": 1.4759663569969987, ""search_spend_quantile"": 0.4111148058584992, ""search_spend_theta"": 0.5371092139794671, ""tv_spend_alpha"": 1.9402099404492412, ""tv_spend_quantile"": 0.7789308406947208, ""tv_spend_theta"": 0.16150727322206937}",COMPLETE
74,0.155851252006276,2026-10-08 20:26:19.501582,2026-10-08 20:26:19.548624,0 days 00:00:00.047042,0.5755627434314116,0.2466921807563178,0.09208316203442393,0.7119747564576693,0.198527877283372,0.7067417453591686,0.984190400585509,0.2219838559447911,0.657596917329271,0.1621864128453511,1.4205814587627552,0.46011508470724827,0.3924266671825738,1.895646795817155,0.8470033135385999,0.1224351092484807,0.6096204652722489,9.599806267469694,0.07097445456663547,"{""facebook_spend_alpha"": 0.5755627434314116, ""facebook_spend_quantile"": 0.2466921807563178, ""facebook_spend_theta"": 0.09208316203442393, ""ooh_spend_alpha"": 0.7119747564576693, ""ooh_spend_quantile"": 0.198527877283372, ""ooh_spend_theta"": 0.7067417453591686, ""print_spend_alpha"": 0.984190400585509, ""print_spend_quantile"": 0.2219838559447911, ""print_spend_theta"": 0.657596917329271, ""ridge_alpha"": 0.1621864128453511, ""search_spend_alpha"": 1.4205814587627552, ""search_spend_quantile"": 0.46011508470724827, ""search_spend_theta"": 0.3924266671825738, ""tv_spend_alpha"": 1.895646795817155, ""tv_spend_quantile"": 0.8470033135385999, ""tv_spend_theta"": 0.1224351092484807}",COMPLETE
75,0.15605837430739933,2026-10-08 20:26:19.549626,2026-10-08 20:26:19.597669,0 days 00:00:00.048043,0.836580971421456,0.24800726327767855,0.13188626601155234,0.7048173777400152,0.16429126883927458,0.787307834834668,1.1445127217189563,0.2743981668059684,0.6994988160251598,0.3350206185805023,1.361263735441748,0.5121118902072981,0.6086493781962868,1.9335318728457105,0.8117109921578484,0.2206771279410628,0.6106031702020869,9.696337925863743,0.06837803639068872,"{""facebook_spend_alpha"": 0.836580971421456, ""facebook_spend_quantile"": 0.24800726327767855, ""facebook_spend_theta"": 0.13188626601155234, ""ooh_spend_alpha"": 0.7048173777400152, ""ooh_spend_quantile"": 0.16429126883927458, ""ooh_spend_theta"": 0.787307834834668, ""print_spend_alpha"": 1.1445127217189563, ""print_spend_quantile"": 0.2743981668059684, ""print_spend_theta"": 0.6994988160251598, ""ridge_alpha"": 0.3350206185805023, ""search_spend_alpha"": 1.361263735441748, ""search_spend_quantile"": 0.5121118902072981, ""search_spend_theta"": 0.6086493781962868, ""tv_spend_alpha"": 1.9335318728457105, ""tv_spend_quantile"": 0.8117109921578484, ""tv_spend_theta"": 0.2206771279410628}",COMPLETE
76,0.156702447969995,2026-10-08 20:26:19.598670,2026-10-08 20:26:19.646714,0 days 00:00:00.048044,0.6857661466559549,0.20038476724286658,0.1399093908439126,0.719447164159234,0.27046710500613513,0.6216386317084138,0.8865992051429897,0.18801133044767587,0.7894476561235457,0.1642750586317,1.4925993452061903,0.49976858363533094,0.48584520337033815,1.7895037878169322,0.810661183766711,0.18328708938691635,0.6063974525961858,9.515060345759187,0.07019414515991006,"{""facebook_spend_alpha"": 0.6857661466559549, ""facebook_spend_quantile"": 0.20038476724286658, ""facebook_spend_theta"": 0.1399093908439126, ""ooh_spend_alpha"": 0.719447164159234, ""ooh_spend_quantile"": 0.27046710500613513, ""ooh_spend_theta"": 0.6216386317084138, ""print_spend_alpha"": 0.8865992051429897, ""print_spend_quantile"": 0.18801133044767587, ""print_spend_theta"": 0.7894476561235457, ""ridge_alpha"": 0.1642750586317, ""search_spend_alpha"": 1.4925993452061903, ""search_spend_quantile"": 0.49976858363533094, ""search_spend_theta"": 0.48584520337033815, ""tv_spend_alpha"": 1.7895037878169322, ""tv_spend_quantile"": 0.810661183766711, ""tv_spend_theta"": 0.18328708938691635}",COMPLETE
77,0.15801880166885,2026-10-08 20:26:19.646714,2026-10-08 20:26:19.686751,0 days 00:00:00.040037,0.5807921181350344,0.30083892230744974,0.08089104990974468,0.5608066456207712,0.21758297924381692,0.598882955535751,0.9392187041287343,0.19354889308658632,0.8966272629075742,0.25694477561603846,1.3290969842500182,0.5496887035512589,0.579618170529604,1.852453150642836,0.7566552297232438,0.2066673049001191,0.6020461098004455,9.747778599241597,0.06887548710538914,"{""facebook_spend_alpha"": 0.5807921181350344, ""facebook_spend_quantile"": 0.30083892230744974, ""facebook_spend_theta"": 0.08089104990974468, ""ooh_spend_alpha"": 0.5608066456207712, ""ooh_spend_quantile"": 0.21758297924381692, ""ooh_spend_theta"": 0.598882955535751, ""print_spend_alpha"": 0.9392187041287343, ""print_spend_quantile"": 0.19354889308658632, ""print_spend_theta"": 0.8966272629075742, ""ridge_alpha"": 0.25694477561603846, ""search_spend_alpha"": 1.3290969842500182, ""search_spend_quantile"": 0.5496887035512589, ""search_spend_theta"": 0.579618170529604, ""tv_spend_alpha"": 1.852453150642836, ""tv_spend_quantile"": 0.7566552297232438, ""tv_spend_theta"": 0.2066673049001191}",COMPLETE
78,0.15831126237751406,2026-10-08 20:26:19.687751,2026-10-08 20:26:19.726786,0 days 00:00:00.039035,0.5314478754924296,0.23248650529167042,0.0794792486488696,0.8372974084331984,0.18213646287722973,0.8015624211318761,1.0139109201602772,0.21069902802120669,0.8048235945579305,0.10011628184240084,1.5199772785599224,0.40068127823200483,0.48819195929366155,1.7106583018183792,0.7729753220878075,0.2222426698022476,0.601809734408378,9.530081655240357,0.06818006570949621,"{""facebook_spend_alpha"": 0.5314478754924296, ""facebook_spend_quantile"": 0.23248650529167042, ""facebook_spend_theta"": 0.0794792486488696, ""ooh_spend_alpha"": 0.8372974084331984, ""ooh_spend_quantile"": 0.18213646287722973, ""ooh_spend_theta"": 0.8015624211318761, ""print_spend_alpha"": 1.0139109201602772, ""print_spend_quantile"": 0.21069902802120669, ""print_spend_theta"": 0.8048235945579305, ""ridge_alpha"": 0.10011628184240084, ""search_spend_alpha"": 1.5199772785599224, ""search_spend_quantile"": 0.40068127823200483, ""search_spend_theta"": 0.48819195929366155, ""tv_spend_alpha"": 1.7106583018183792, ""tv_spend_quantile"": 0.7729753220878075, ""tv_spend_theta"": 0.2222426698022476}",COMPLETE
79,0.15727309091951733,2026-10-08 20:26:19.727787,2026-10-08 20:26:19.769826,0 days 00:00:00.042039,1.0833214731338896,0.35195659894046494,0.08491229719635389,0.8602013387853483,0.16119344912328998,0.7662692532753371,0.687740825269165,0.23434347963488503,0.7889348834171399,0.002528294254905906,1.5797034373666632,0.7115682896649349,0.5012847640062578,1.7430007773050855,0.7945687651904765,0.14413288861870222,0.600524247073743,9.73684002550843,0.07257132519672214,"{""facebook_spend_alpha"": 1.0833214731338896, ""facebook_spend_quantile"": 0.35195659894046494, ""facebook_spend_theta"": 0.08491229719635389, ""ooh_spend_alpha"": 0.8602013387853483, ""ooh_spend_quantile"": 0.16119344912328998, ""ooh_spend_theta"": 0.7662692532753371, ""print_spend_alpha"": 0.687740825269165, ""print_spend_quantile"": 0.23434347963488503, ""print_spend_theta"": 0.7889348834171399, ""ridge_alpha"": 0.002528294254905906, ""search_spend_alpha"": 1.5797034373666632, ""search_spend_quantile"": 0.7115682896649349, ""search_spend_theta"": 0.5012847640062578, ""tv_spend_alpha"": 1.7430007773050855, ""tv_spend_quantile"": 0.7945687651904765, ""tv_spend_theta"": 0.14413288861870222}",COMPLETE
80,0.15573665278044505,2026-10-08 20:26:19.769826,2026-10-08 20:26:19.818870,0 days 00:00:00.049044,0.5351552952635672,0.24577064668804313,0.11637550098842277,0.5911290805454198,0.20211520480330203,0.7386585240526548,0.926886753172593,0.20089560498093242,0.8329818206412812,0.08848695523865775,1.1080852872200047,0.4027016914582119,0.5538601323323817,1.746310205439477,0.834032265670626,0.10752842129643442,0.6070970969040205,9.405099275131004,0.07281088752691502,"{""facebook_spend_alpha"": 0.5351552952635672, ""facebook_spend_quantile"": 0.24577064668804313, ""facebook_spend_theta"": 0.11637550098842277, ""ooh_spend_alpha"": 0.5911290805454198, ""ooh_spend_quantile"": 0.20211520480330203, ""ooh_spend_theta"": 0.7386585240526548, ""print_spend_alpha"": 0.926886753172593, ""print_spend_quantile"": 0.20089560498093242, ""print_spend_theta"": 0.8329818206412812, ""ridge_alpha"": 0.08848695523865775, ""search_spend_alpha"": 1.1080852872200047, ""search_spend_quantile"": 0.4027016914582119, ""search_spend_theta"": 0.5538601323323817, ""tv_spend_alpha"": 1.746310205439477, ""tv_spend_quantile"": 0.834032265670626, ""tv_spend_theta"": 0.10752842129643442}",COMPLETE
81,0.15493429478367446,2026-10-08 20:26:19.818870,2026-10-08 20:26:19.861909,0 days 00:00:00.043039,0.6073436567767849,0.3446464160929953,0.06763341634872493,0.5711633754128768,0.21864283556211775,0.6383388567037566,0.8521918837592628,0.1983001609504129,0.8338056193499797,1.1290508221462308,1.4456425326247844,0.42549428055475347,0.6015151699605288,1.8516694008127463,0.8299199473319027,0.11096331069189883,0.6113280369995346,9.885747181982593,0.07153761841829982,"{""facebook_spend_alpha"": 0.6073436567767849, ""facebook_spend_quantile"": 0.3446464160929953, ""facebook_spend_theta"": 0.06763341634872493, ""ooh_spend_alpha"": 0.5711633754128768, ""ooh_spend_quantile"": 0.21864283556211775, ""ooh_spend_theta"": 0.6383388567037566, ""print_spend_alpha"": 0.8521918837592628, ""print_spend_quantile"": 0.1983001609504129, ""print_spend_theta"": 0.8338056193499797, ""ridge_alpha"": 1.1290508221462308, ""search_spend_alpha"": 1.4456425326247844, ""search_spend_quantile"": 0.42549428055475347, ""search_spend_theta"": 0.6015151699605288, ""tv_spend_alpha"": 1.8516694008127463, ""tv_spend_quantile"": 0.8299199473319027, ""tv_spend_theta"": 0.11096331069189883}",COMPLETE
82,0.15562215576589325,2026-10-08 20:26:19.861909,2026-10-08 20:26:19.907952,0 days 00:00:00.046043,0.7393776459746012,0.22054247969486396,0.07488138387907467,0.6231042862884336,0.22981056523061144,0.6899962799882601,0.9705642742952585,0.2101376489958587,0.6963216603015081,0.2198443734201094,1.4805345369012932,0.4737677468731962,0.39454087737384413,1.959767911156419,0.8481587840603306,0.1356463764362218,0.6107796854761757,9.618190478901944,0.07063206001108942,"{""facebook_spend_alpha"": 0.7393776459746012, ""facebook_spend_quantile"": 0.22054247969486396, ""facebook_spend_theta"": 0.07488138387907467, ""ooh_spend_alpha"": 0.6231042862884336, ""ooh_spend_quantile"": 0.22981056523061144, ""ooh_spend_theta"": 0.6899962799882601, ""print_spend_alpha"": 0.9705642742952585, ""print_spend_quantile"": 0.2101376489958587, ""print_spend_theta"": 0.6963216603015081, ""ridge_alpha"": 0.2198443734201094, ""search_spend_alpha"": 1.4805345369012932, ""search_spend_quantile"": 0.4737677468731962, ""search_spend_theta"": 0.39454087737384413, ""tv_spend_alpha"": 1.959767911156419, ""tv_spend_quantile"": 0.8481587840603306, ""tv_spend_theta"": 0.1356463764362218}",COMPLETE
83,0.15701495378649985,2026-10-08 20:26:19.907952,2026-10-08 20:26:19.949989,0 days 00:00:00.042037,0.6319273874560842,0.2658610648147817,0.05845628188633245,0.638632467978845,0.1874477742011618,0.6758888767377939,0.8787364739219778,0.17957776019032387,0.7176266850400003,0.17752628833679246,1.3099067008917875,0.4545293811971063,0.5916276449425824,1.9054668925768323,0.8383994209154737,0.28256731346796793,0.6106441606657019,9.670768611413996,0.06600862309067987,"{""facebook_spend_alpha"": 0.6319273874560842, ""facebook_spend_quantile"": 0.2658610648147817, ""facebook_spend_theta"": 0.05845628188633245, ""ooh_spend_alpha"": 0.638632467978845, ""ooh_spend_quantile"": 0.1874477742011618, ""ooh_spend_theta"": 0.6758888767377939, ""print_spend_alpha"": 0.8787364739219778, ""print_spend_quantile"": 0.17957776019032387, ""print_spend_theta"": 0.7176266850400003, ""ridge_alpha"": 0.17752628833679246, ""search_spend_alpha"": 1.3099067008917875, ""search_spend_quantile"": 0.4545293811971063, ""search_spend_theta"": 0.5916276449425824, ""tv_spend_alpha"": 1.9054668925768323, ""tv_spend_quantile"": 0.8383994209154737, ""tv_spend_theta"": 0.28256731346796793}",COMPLETE
84,0.15691952849354254,2026-10-08 20:26:19.950990,2026-10-08 20:26:19.993027,0 days 00:00:00.042037,0.5459861699887886,0.27797125370054276,0.09304652720519675,0.7180759515087329,0.23891769692983383,0.5956682022340205,0.9217912453584758,0.17403392512283788,0.8813016505659413,0.12423237015610707,1.273355170121109,0.47514617569579065,0.617589922590077,1.9997493247514038,0.7843820665591186,0.19522651024091583,0.6052013416260802,9.500531887234164,0.07041078619559937,"{""facebook_spend_alpha"": 0.5459861699887886, ""facebook_spend_quantile"": 0.27797125370054276, ""facebook_spend_theta"": 0.09304652720519675, ""ooh_spend_alpha"": 0.7180759515087329, ""ooh_spend_quantile"": 0.23891769692983383, ""ooh_spend_theta"": 0.5956682022340205, ""print_spend_alpha"": 0.9217912453584758, ""print_spend_quantile"": 0.17403392512283788, ""print_spend_theta"": 0.8813016505659413, ""ridge_alpha"": 0.12423237015610707, ""search_spend_alpha"": 1.273355170121109, ""search_spend_quantile"": 0.47514617569579065, ""search_spend_theta"": 0.617589922590077, ""tv_spend_alpha"": 1.9997493247514038, ""tv_spend_quantile"": 0.7843820665591186, ""tv_spend_theta"": 0.19522651024091583}",COMPLETE
85,0.15673964354438893,2026-10-08 20:26:19.994029,2026-10-08 20:26:20.034065,0 days 00:00:00.040036,0.5987488946323072,0.28291781642307706,0.1715230111401743,0.5163806447034374,0.23280884108414385,0.7311604293378187,1.043999609407416,0.2144509150245233,0.8310912461127573,0.07751286020107524,0.8710033220560789,0.42226468816337553,0.5812374963039943,1.7892356423099895,0.765496388331897,0.1334962911606687,0.6039285778876136,9.557159685988529,0.07189770118760208,"{""facebook_spend_alpha"": 0.5987488946323072, ""facebook_spend_quantile"": 0.28291781642307706, ""facebook_spend_theta"": 0.1715230111401743, ""ooh_spend_alpha"": 0.5163806447034374, ""ooh_spend_quantile"": 0.23280884108414385, ""ooh_spend_theta"": 0.7311604293378187, ""print_spend_alpha"": 1.043999609407416, ""print_spend_quantile"": 0.2144509150245233, ""print_spend_theta"": 0.8310912461127573, ""ridge_alpha"": 0.07751286020107524, ""search_spend_alpha"": 0.8710033220560789, ""search_spend_quantile"": 0.42226468816337553, ""search_spend_theta"": 0.5812374963039943, ""tv_spend_alpha"": 1.7892356423099895, ""tv_spend_quantile"": 0.765496388331897, ""tv_spend_theta"": 0.1334962911606687}",COMPLETE
86,0.16078365967025152,2026-10-08 20:26:20.034065,2026-10-08 20:26:20.071100,0 days 00:00:00.037035,0.6617236510438997,0.18260445968005568,0.09257668650472228,0.6070661232917204,0.21144692091994946,0.7394799084648024,1.0575367766715402,0.2122465267884967,0.8155433107027743,0.06558358847472157,1.308660651461797,0.35889642026515417,0.5749162403016619,1.7734600321522527,0.695293480894781,0.0456613075102226,0.583429198609164,9.712639629610207,0.07463951052344239,"{""facebook_spend_alpha"": 0.6617236510438997, ""facebook_spend_quantile"": 0.18260445968005568, ""facebook_spend_theta"": 0.09257668650472228, ""ooh_spend_alpha"": 0.6070661232917204, ""ooh_spend_quantile"": 0.21144692091994946, ""ooh_spend_theta"": 0.7394799084648024, ""print_spend_alpha"": 1.0575367766715402, ""print_spend_quantile"": 0.2122465267884967, ""print_spend_theta"": 0.8155433107027743, ""ridge_alpha"": 0.06558358847472157, ""search_spend_alpha"": 1.308660651461797, ""search_spend_quantile"": 0.35889642026515417, ""search_spend_theta"": 0.5749162403016619, ""tv_spend_alpha"": 1.7734600321522527, ""tv_spend_quantile"": 0.695293480894781, ""tv_spend_theta"": 0.0456613075102226}",COMPLETE
87,0.1553957228378363,2026-10-08 20:26:20.072100,2026-10-08 20:26:20.107132,0 days 00:00:00.035032,0.6141024558339914,0.34897646768056784,0.01882481168075892,0.5500326793770663,0.24084834157141619,0.6062936306270567,1.047463661536851,0.19192213848684772,0.8751336912536788,1.723605878436227,1.3963475419334468,0.405194787595911,0.6314266222613021,1.7719464403942928,0.7802861838168856,0.1287899675267924,0.6095438969528357,10.010487753885867,0.07094617881647708,"{""facebook_spend_alpha"": 0.6141024558339914, ""facebook_spend_quantile"": 0.34897646768056784, ""facebook_spend_theta"": 0.01882481168075892, ""ooh_spend_alpha"": 0.5500326793770663, ""ooh_spend_quantile"": 0.24084834157141619, ""ooh_spend_theta"": 0.6062936306270567, ""print_spend_alpha"": 1.047463661536851, ""print_spend_quantile"": 0.19192213848684772, ""print_spend_theta"": 0.8751336912536788, ""ridge_alpha"": 1.723605878436227, ""search_spend_alpha"": 1.3963475419334468, ""search_spend_quantile"": 0.405194787595911, ""search_spend_theta"": 0.6314266222613021, ""tv_spend_alpha"": 1.7719464403942928, ""tv_spend_quantile"": 0.7802861838168856, ""tv_spend_theta"": 0.1287899675267924}",COMPLETE
88,0.15667603526196328,2026-10-08 20:26:20.107132,2026-10-08 20:26:20.142163,0 days 00:00:00.035031,0.6336599737448574,0.2829415569689115,0.14519212043949073,0.5481639623989244,0.25830795575710047,0.5758247219113907,0.8111995203758575,0.17540199727889255,0.8899081201928769,0.34414270934848035,1.3198191755652153,0.4172972032047455,0.5776468887227824,1.8365163009007912,0.770565839655576,0.1626148908820473,0.605513249964852,9.650804864758735,0.07064887924814531,"{""facebook_spend_alpha"": 0.6336599737448574, ""facebook_spend_quantile"": 0.2829415569689115, ""facebook_spend_theta"": 0.14519212043949073, ""ooh_spend_alpha"": 0.5481639623989244, ""ooh_spend_quantile"": 0.25830795575710047, ""ooh_spend_theta"": 0.5758247219113907, ""print_spend_alpha"": 0.8111995203758575, ""print_spend_quantile"": 0.17540199727889255, ""print_spend_theta"": 0.8899081201928769, ""ridge_alpha"": 0.34414270934848035, ""search_spend_alpha"": 1.3198191755652153, ""search_spend_quantile"": 0.4172972032047455, ""search_spend_theta"": 0.5776468887227824, ""tv_spend_alpha"": 1.8365163009007912, ""tv_spend_quantile"": 0.770565839655576, ""tv_spend_theta"": 0.1626148908820473}",COMPLETE
89,0.15679130773680974,2026-10-08 20:26:20.142163,2026-10-08 20:26:20.183201,0 days 00:00:00.041038,0.7031550380261781,0.21316615845308387,0.16156402231719802,0.6495449783281438,0.19680861051475657,0.5978520281204515,1.0651766847352466,0.24024849061934356,0.8252361199608189,0.11315644729242008,1.3205778524715168,0.4013914119467641,0.5638057834962943,1.7539407843574417,0.820642533978515,0.23042728026349213,0.6083053263092496,9.501932265573172,0.06859425826421318,"{""facebook_spend_alpha"": 0.7031550380261781, ""facebook_spend_quantile"": 0.21316615845308387, ""facebook_spend_theta"": 0.16156402231719802, ""ooh_spend_alpha"": 0.6495449783281438, ""ooh_spend_quantile"": 0.19680861051475657, ""ooh_spend_theta"": 0.5978520281204515, ""print_spend_alpha"": 1.0651766847352466, ""print_spend_quantile"": 0.24024849061934356, ""print_spend_theta"": 0.8252361199608189, ""ridge_alpha"": 0.11315644729242008, ""search_spend_alpha"": 1.3205778524715168, ""search_spend_quantile"": 0.4013914119467641, ""search_spend_theta"": 0.5638057834962943, ""tv_spend_alpha"": 1.7539407843574417, ""tv_spend_quantile"": 0.820642533978515, ""tv_spend_theta"": 0.23042728026349213}",COMPLETE
90,0.15610147185176823,2026-10-08 20:26:20.184201,2026-10-08 20:26:20.227240,0 days 00:00:00.043039,0.7350878779677099,0.15761575380968962,0.024131977505100356,0.7690882615417871,0.22326905989093634,0.6985554788422839,1.0655642868115516,0.21145827518261212,0.634751740816417,0.15107850279792584,1.5379072040002129,0.5002592691693513,0.3021983336046334,1.9245670742544785,0.8165999602793573,0.15476380256127892,0.608982380278935,9.641063596059398,0.070530039043443,"{""facebook_spend_alpha"": 0.7350878779677099, ""facebook_spend_quantile"": 0.15761575380968962, ""facebook_spend_theta"": 0.024131977505100356, ""ooh_spend_alpha"": 0.7690882615417871, ""ooh_spend_quantile"": 0.22326905989093634, ""ooh_spend_theta"": 0.6985554788422839, ""print_spend_alpha"": 1.0655642868115516, ""print_spend_quantile"": 0.21145827518261212, ""print_spend_theta"": 0.634751740816417, ""ridge_alpha"": 0.15107850279792584, ""search_spend_alpha"": 1.5379072040002129, ""search_spend_quantile"": 0.5002592691693513, ""search_spend_theta"": 0.3021983336046334, ""tv_spend_alpha"": 1.9245670742544785, ""tv_spend_quantile"": 0.8165999602793573, ""tv_spend_theta"": 0.15476380256127892}",COMPLETE
91,0.15630766515462616,2026-10-08 20:26:20.227240,2026-10-08 20:26:20.270279,0 days 00:00:00.043039,0.7168941926890064,0.34047259200804714,0.1366631152233335,0.5900390114652699,0.241455672191547,0.6725269762162172,0.6757246665882253,0.3585396565484043,0.6274969426043858,0.001943018566944067,0.9593864419915231,0.46212360074438513,0.5631827536905845,1.5972077889804344,0.81307660957951,0.12106771928255118,0.6067465028104229,9.693431406330797,0.07166012035398779,"{""facebook_spend_alpha"": 0.7168941926890064, ""facebook_spend_quantile"": 0.34047259200804714, ""facebook_spend_theta"": 0.1366631152233335, ""ooh_spend_alpha"": 0.5900390114652699, ""ooh_spend_quantile"": 0.241455672191547, ""ooh_spend_theta"": 0.6725269762162172, ""print_spend_alpha"": 0.6757246665882253, ""print_spend_quantile"": 0.3585396565484043, ""print_spend_theta"": 0.6274969426043858, ""ridge_alpha"": 0.001943018566944067, ""search_spend_alpha"": 0.9593864419915231, ""search_spend_quantile"": 0.46212360074438513, ""search_spend_theta"": 0.5631827536905845, ""tv_spend_alpha"": 1.5972077889804344, ""tv_spend_quantile"": 0.81307660957951, ""tv_spend_theta"": 0.12106771928255118}",COMPLETE
92,0.15677442634938685,2026-10-08 20:26:20.270279,2026-10-08 20:26:20.316321,0 days 00:00:00.046042,0.5007054704374935,0.195514611635911,0.13122542423109312,0.6699720237994731,0.20891880483540654,0.6486488428972591,0.9177763928587641,0.15501039103324335,0.793001367936245,0.164583740572285,1.346501375873829,0.3852095296250179,0.667467943177046,1.8942359153878656,0.7897232828292238,0.05860993281763255,0.6022799359320933,9.53560303727789,0.07363147739053365,"{""facebook_spend_alpha"": 0.5007054704374935, ""facebook_spend_quantile"": 0.195514611635911, ""facebook_spend_theta"": 0.13122542423109312, ""ooh_spend_alpha"": 0.6699720237994731, ""ooh_spend_quantile"": 0.20891880483540654, ""ooh_spend_theta"": 0.6486488428972591, ""print_spend_alpha"": 0.9177763928587641, ""print_spend_quantile"": 0.15501039103324335, ""print_spend_theta"": 0.793001367936245, ""ridge_alpha"": 0.164583740572285, ""search_spend_alpha"": 1.346501375873829, ""search_spend_quantile"": 0.3852095296250179, ""search_spend_theta"": 0.667467943177046, ""tv_spend_alpha"": 1.8942359153878656, ""tv_spend_quantile"": 0.7897232828292238, ""tv_spend_theta"": 0.05860993281763255}",COMPLETE
93,0.15694847300032483,2026-10-08 20:26:20.316321,2026-10-08 20:26:20.368369,0 days 00:00:00.052048,0.5807410849610094,0.23300274171450733,0.16039201561769637,0.6050393942377335,0.1762659486711931,0.7169811636077055,1.0056017988501236,0.18434612256191713,0.8922531944403831,0.04136417948775188,1.037985379245307,0.39790537859883246,0.6391465319750183,1.8241955241246646,0.827910030293329,0.2031812585707462,0.6068701115497915,9.442245162100088,0.06926837713546949,"{""facebook_spend_alpha"": 0.5807410849610094, ""facebook_spend_quantile"": 0.23300274171450733, ""facebook_spend_theta"": 0.16039201561769637, ""ooh_spend_alpha"": 0.6050393942377335, ""ooh_spend_quantile"": 0.1762659486711931, ""ooh_spend_theta"": 0.7169811636077055, ""print_spend_alpha"": 1.0056017988501236, ""print_spend_quantile"": 0.18434612256191713, ""print_spend_theta"": 0.8922531944403831, ""ridge_alpha"": 0.04136417948775188, ""search_spend_alpha"": 1.037985379245307, ""search_spend_quantile"": 0.39790537859883246, ""search_spend_theta"": 0.6391465319750183, ""tv_spend_alpha"": 1.8241955241246646, ""tv_spend_quantile"": 0.827910030293329, ""tv_spend_theta"": 0.2031812585707462}",COMPLETE
94,0.15601630861343485,2026-10-08 20:26:20.368369,2026-10-08 20:26:20.419415,0 days 00:00:00.051046,0.6533654336852749,0.34355280830861995,0.03542206825453911,0.5750352329097146,0.22613414871426094,0.6028721050073078,1.02524795418668,0.1511136244384958,0.8954146019425681,2.4416536649292815,1.3879513635129193,0.3869431558825479,0.672233547878032,1.6853184132835475,0.8063673987464339,0.1971212526765595,0.61110292629155,10.209732294105015,0.06751713483969649,"{""facebook_spend_alpha"": 0.6533654336852749, ""facebook_spend_quantile"": 0.34355280830861995, ""facebook_spend_theta"": 0.03542206825453911, ""ooh_spend_alpha"": 0.5750352329097146, ""ooh_spend_quantile"": 0.22613414871426094, ""ooh_spend_theta"": 0.6028721050073078, ""print_spend_alpha"": 1.02524795418668, ""print_spend_quantile"": 0.1511136244384958, ""print_spend_theta"": 0.8954146019425681, ""ridge_alpha"": 2.4416536649292815, ""search_spend_alpha"": 1.3879513635129193, ""search_spend_quantile"": 0.3869431558825479, ""search_spend_theta"": 0.672233547878032, ""tv_spend_alpha"": 1.6853184132835475, ""tv_spend_quantile"": 0.8063673987464339, ""tv_spend_theta"": 0.1971212526765595}",COMPLETE
95,0.15512073871559864,2026-10-08 20:26:20.420416,2026-10-08 20:26:20.472463,0 days 00:00:00.052047,0.6709965267432929,0.2702797059176765,0.02796816130277499,0.5144390279591526,0.23493204794452707,0.5019579048800507,0.9286328661121562,0.24029550277141393,0.8619453495279578,3.3478241290985635,1.4546913400753272,0.4277188217670182,0.6411323181924464,1.697787450118989,0.7962351078035608,0.0670965289921116,0.6107179573922724,10.257480781179208,0.070684211614438,"{""facebook_spend_alpha"": 0.6709965267432929, ""facebook_spend_quantile"": 0.2702797059176765, ""facebook_spend_theta"": 0.02796816130277499, ""ooh_spend_alpha"": 0.5144390279591526, ""ooh_spend_quantile"": 0.23493204794452707, ""ooh_spend_theta"": 0.5019579048800507, ""print_spend_alpha"": 0.9286328661121562, ""print_spend_quantile"": 0.24029550277141393, ""print_spend_theta"": 0.8619453495279578, ""ridge_alpha"": 3.3478241290985635, ""search_spend_alpha"": 1.4546913400753272, ""search_spend_quantile"": 0.4277188217670182, ""search_spend_theta"": 0.6411323181924464, ""tv_spend_alpha"": 1.697787450118989, ""tv_spend_quantile"": 0.7962351078035608, ""tv_spend_theta"": 0.0670965289921116}",COMPLETE
96,0.1557535308250831,2026-10-08 20:26:20.473464,2026-10-08 20:26:20.529514,0 days 00:00:00.056050,0.6892921377034206,0.26368040031525103,0.01956251554614276,0.8235614916252445,0.23018852515067484,0.7375139593275696,0.8519525813689003,0.17566726187428483,0.6257237951088638,0.24461938823266563,1.5014314851342463,0.4590891574941298,0.3145663249578471,1.8071582685567469,0.8352619524747574,0.1359722187117176,0.6105269295760419,9.59924085442839,0.07055125047958379,"{""facebook_spend_alpha"": 0.6892921377034206, ""facebook_spend_quantile"": 0.26368040031525103, ""facebook_spend_theta"": 0.01956251554614276, ""ooh_spend_alpha"": 0.8235614916252445, ""ooh_spend_quantile"": 0.23018852515067484, ""ooh_spend_theta"": 0.7375139593275696, ""print_spend_alpha"": 0.8519525813689003, ""print_spend_quantile"": 0.17566726187428483, ""print_spend_theta"": 0.6257237951088638, ""ridge_alpha"": 0.24461938823266563, ""search_spend_alpha"": 1.5014314851342463, ""search_spend_quantile"": 0.4590891574941298, ""search_spend_theta"": 0.3145663249578471, ""tv_spend_alpha"": 1.8071582685567469, ""tv_spend_quantile"": 0.8352619524747574, ""tv_spend_theta"": 0.1359722187117176}",COMPLETE
97,0.15562179167614268,2026-10-08 20:26:20.529514,2026-10-08 20:26:20.585566,0 days 00:00:00.056052,0.6381090972189221,0.3597026192580961,0.02598481510700506,0.6082324520509768,0.2428360787980235,0.5875635052359702,1.0091043570202975,0.18083197805996756,0.8475864918748146,0.2757399707743818,1.352489578859719,0.40013264842583784,0.6772943254445474,1.78301614017101,0.8177778769443926,0.11162435305185486,0.6079908198700665,9.626574707688514,0.07266034978603668,"{""facebook_spend_alpha"": 0.6381090972189221, ""facebook_spend_quantile"": 0.3597026192580961, ""facebook_spend_theta"": 0.02598481510700506, ""ooh_spend_alpha"": 0.6082324520509768, ""ooh_spend_quantile"": 0.2428360787980235, ""ooh_spend_theta"": 0.5875635052359702, ""print_spend_alpha"": 1.0091043570202975, ""print_spend_quantile"": 0.18083197805996756, ""print_spend_theta"": 0.8475864918748146, ""ridge_alpha"": 0.2757399707743818, ""search_spend_alpha"": 1.352489578859719, ""search_spend_quantile"": 0.40013264842583784, ""search_spend_theta"": 0.6772943254445474, ""tv_spend_alpha"": 1.78301614017101, ""tv_spend_quantile"": 0.8177778769443926, ""tv_spend_theta"": 0.11162435305185486}",COMPLETE
98,0.15530465854262754,2026-10-08 20:26:20.585566,2026-10-08 20:26:20.628604,0 days 00:00:00.043038,0.7635201992910864,0.20310677757543505,0.023616380792457394,0.5997618635682602,0.24831991233919487,0.512340296293297,1.0181233079001817,0.21691150797169473,0.8193767755521018,5.017366911445832,1.5216926969094966,0.425649408130208,0.707012426613229,1.6965114722089236,0.7966471911874798,0.07776825546127206,0.6120478743796857,10.395106268709574,0.0688014782928916,"{""facebook_spend_alpha"": 0.7635201992910864, ""facebook_spend_quantile"": 0.20310677757543505, ""facebook_spend_theta"": 0.023616380792457394, ""ooh_spend_alpha"": 0.5997618635682602, ""ooh_spend_quantile"": 0.24831991233919487, ""ooh_spend_theta"": 0.512340296293297, ""print_spend_alpha"": 1.0181233079001817, ""print_spend_quantile"": 0.21691150797169473, ""print_spend_theta"": 0.8193767755521018, ""ridge_alpha"": 5.017366911445832, ""search_spend_alpha"": 1.5216926969094966, ""search_spend_quantile"": 0.425649408130208, ""search_spend_theta"": 0.707012426613229, ""tv_spend_alpha"": 1.6965114722089236, ""tv_spend_quantile"": 0.7966471911874798, ""tv_spend_theta"": 0.07776825546127206}",COMPLETE
99,0.15543570437747553,2026-10-08 20:26:20.628604,2026-10-08 20:26:20.665638,0 days 00:00:00.037034,0.7144307357430666,0.27606022424720544,0.03168573511524211,0.5593120574196717,0.2517622654122357,0.4933322653265454,0.787505755083891,0.20528484097587107,0.8238432590087482,3.3934227817366067,1.2015141572716606,0.4345881898984821,0.6802367387052454,1.8002475551868031,0.7667350111543983,0.05783496288381923,0.609764352761406,10.381168252689434,0.0705072504317644,"{""facebook_spend_alpha"": 0.7144307357430666, ""facebook_spend_quantile"": 0.27606022424720544, ""facebook_spend_theta"": 0.03168573511524211, ""ooh_spend_alpha"": 0.5593120574196717, ""ooh_spend_quantile"": 0.2517622654122357, ""ooh_spend_theta"": 0.4933322653265454, ""print_spend_alpha"": 0.787505755083891, ""print_spend_quantile"": 0.20528484097587107, ""print_spend_theta"": 0.8238432590087482, ""ridge_alpha"": 3.3934227817366067, ""search_spend_alpha"": 1.2015141572716606, ""search_spend_quantile"": 0.4345881898984821, ""search_spend_theta"": 0.6802367387052454, ""tv_spend_alpha"": 1.8002475551868031, ""tv_spend_quantile"": 0.7667350111543983, ""tv_spend_theta"": 0.05783496288381923}",COMPLETE
